timestamp,user_id,event_type,status,source_ip,user_agent,action,domain,error_message
2025-05-06T17:14:04.588318Z,U0098,logout,success,172.26.229.203,Edge/90.0,User logged out,internal.example.org,
2025-05-07T03:55:04.588784Z,U0007,login,success,172.23.121.105,Edge/90.0,Login attempt,internal.example.org,
2025-05-06T15:06:04.588871Z,U0073,logout,success,172.20.203.232,Chrome/113.0,User logged out,internal.example.org,
2025-05-06T17:12:04.588930Z,U0005,logout,success,10.164.216.141,Edge/90.0,User logged out,corp.example.com,
2025-05-06T05:28:04.589226Z,U0095,password_change,success,10.47.221.70,Mozilla/5.0,Password changed successfully,corp.example.com,
2025-05-06T13:13:04.589271Z,U0069,login,success,172.19.45.178,Mozilla/5.0,Login attempt,internal.example.org,
2025-05-06T17:51:04.589304Z,U0032,password_change,success,10.203.142.158,Chrome/113.0,Password changed successfully,example.com,
2025-05-06T15:34:04.589339Z,U0098,logout,success,10.56.62.171,Edge/90.0,User logged out,corp.example.com,
2025-05-06T12:26:04.589373Z,U0053,password_change,success,192.168.252.91,Safari/605.1.15,Password changed successfully,internal.example.org,
2025-05-07T01:01:04.589556Z,U0089,password_change,success,192.168.204.113,Safari/605.1.15,Password changed successfully,example.com,
2025-05-06T10:09:04.589593Z,U0063,logout,success,10.231.94.131,Chrome/113.0,User logged out,corp.example.com,
2025-05-06T06:33:04.589624Z,U0054,password_change,success,172.26.149.168,Safari/605.1.15,Password changed successfully,corp.example.com,
2025-05-06T15:36:04.589657Z,U0094,login,failure,172.22.200.41,Mozilla/5.0,Login attempt,internal.example.org,Invalid password
2025-05-07T02:02:04.589699Z,U0052,login,success,172.22.146.164,Mozilla/5.0,Login attempt,corp.example.com,
2025-05-06T11:07:04.589751Z,U0021,login,success,192.168.72.4,Chrome/113.0,Login attempt,example.com,
2025-05-06T20:31:04.589802Z,U0053,logout,success,10.66.50.234,Mozilla/5.0,User logged out,corp.example.com,
2025-05-07T00:19:04.589853Z,U0046,logout,success,192.168.164.199,Edge/90.0,User logged out,example.com,
2025-05-07T04:32:04.589896Z,U0045,password_change,success,192.168.196.210,Edge/90.0,Password changed successfully,corp.example.com,
2025-05-06T21:17:04.589927Z,U0071,logout,success,172.23.114.75,Edge/90.0,User logged out,corp.example.com,
2025-05-06T13:26:04.589972Z,U0032,logout,success,10.57.151.157,Chrome/113.0,User logged out,example.com,
2025-05-06T07:37:04.590020Z,U0052,login,success,10.107.157.167,Edge/90.0,Login attempt,corp.example.com,
2025-05-06T09:28:04.590069Z,U0098,login,success,10.70.86.18,Edge/90.0,Login attempt,corp.example.com,
2025-05-06T12:51:04.590118Z,U0044,login,success,172.16.129.111,Mozilla/5.0,Login attempt,example.com,
2025-05-07T02:01:04.590155Z,U0050,login,success,192.168.155.113,Edge/90.0,Login attempt,corp.example.com,
2025-05-06T17:41:04.590188Z,U0059,logout,failure,10.144.221.147,Chrome/113.0,User logged out,internal.example.org,
2025-05-06T15:50:04.590216Z,U0044,password_change,success,172.29.167.243,Mozilla/5.0,Password changed successfully,internal.example.org,
2025-05-06T15:55:04.590244Z,U0073,login,success,172.19.250.181,Chrome/113.0,Login attempt,corp.example.com,
2025-05-06T08:46:04.590273Z,U0006,logout,success,172.28.119.99,Mozilla/5.0,User logged out,example.com,
2025-05-06T13:26:04.590301Z,U0063,logout,success,10.65.95.243,Chrome/113.0,User logged out,internal.example.org,
2025-05-06T20:12:04.590329Z,U0020,login,success,192.168.76.170,Mozilla/5.0,Login attempt,example.com,
2025-05-07T03:16:04.590356Z,U0006,login,success,10.57.64.121,Chrome/113.0,Login attempt,internal.example.org,
2025-05-06T12:50:04.590385Z,U0044,login,failure,10.94.182.0,Mozilla/5.0,Login attempt,example.com,Invalid password
2025-05-06T06:38:04.590414Z,U0058,logout,success,192.168.246.111,Edge/90.0,User logged out,internal.example.org,
2025-05-06T09:49:04.590442Z,U0069,login,success,172.22.132.36,Mozilla/5.0,Login attempt,corp.example.com,
2025-05-06T06:20:04.590470Z,U0050,logout,success,10.123.52.254,Mozilla/5.0,User logged out,internal.example.org,
2025-05-06T20:41:04.590498Z,U0006,login,success,10.112.174.117,Safari/605.1.15,Login attempt,corp.example.com,
2025-05-06T22:16:04.590525Z,U0031,logout,success,10.17.106.114,Safari/605.1.15,User logged out,internal.example.org,
2025-05-06T08:16:04.590553Z,U0093,login,success,10.105.213.149,Mozilla/5.0,Login attempt,example.com,
2025-05-06T15:44:04.590581Z,U0005,password_change,success,172.19.230.154,Safari/605.1.15,Password changed successfully,example.com,
2025-05-06T20:50:04.590609Z,U0058,login,success,192.168.123.199,Edge/90.0,Login attempt,example.com,
2025-05-06T22:42:04.590637Z,U0042,logout,success,192.168.135.118,Safari/605.1.15,User logged out,corp.example.com,
2025-05-06T06:11:04.590665Z,U0044,logout,success,192.168.6.10,Edge/90.0,User logged out,corp.example.com,
2025-05-06T13:26:04.590692Z,U0007,login,success,192.168.146.35,Safari/605.1.15,Login attempt,corp.example.com,
2025-05-06T14:52:04.590720Z,U0005,logout,success,192.168.234.139,Safari/605.1.15,User logged out,example.com,
2025-05-07T01:00:04.590748Z,U0051,login,success,10.235.72.114,Edge/90.0,Login attempt,example.com,
2025-05-06T19:00:04.590776Z,U0042,password_change,success,192.168.154.134,Edge/90.0,Password changed successfully,internal.example.org,
2025-05-06T18:58:04.590822Z,U0046,password_change,success,10.55.79.236,Chrome/113.0,Password changed successfully,internal.example.org,
2025-05-06T12:52:04.590871Z,U0098,password_change,success,192.168.199.229,Safari/605.1.15,Password changed successfully,corp.example.com,
2025-05-06T20:08:04.590919Z,U0047,logout,success,192.168.57.102,Safari/605.1.15,User logged out,corp.example.com,
2025-05-06T05:41:04.590965Z,U0051,logout,success,10.248.238.115,Mozilla/5.0,User logged out,corp.example.com,
2025-05-06T07:03:04.590996Z,U0096,password_change,success,172.29.33.230,Edge/90.0,Password changed successfully,corp.example.com,
2025-05-06T18:57:04.591028Z,U0063,login,success,192.168.230.138,Mozilla/5.0,Login attempt,corp.example.com,
2025-05-06T08:27:04.591073Z,U0073,login,success,172.19.1.19,Safari/605.1.15,Login attempt,example.com,
2025-05-06T22:30:04.591121Z,U0011,logout,success,172.21.100.184,Edge/90.0,User logged out,corp.example.com,
2025-05-06T11:09:04.591171Z,U0059,logout,success,192.168.80.97,Safari/605.1.15,User logged out,example.com,
2025-05-07T03:16:04.591215Z,U0007,login,failure,192.168.187.220,Chrome/113.0,Login attempt,example.com,Invalid password
2025-05-07T01:54:04.591551Z,U0032,logout,success,192.168.214.160,Edge/90.0,User logged out,internal.example.org,
2025-05-06T07:13:04.591600Z,U0055,password_change,success,172.26.130.85,Safari/605.1.15,Password changed successfully,internal.example.org,
2025-05-06T08:16:04.591631Z,U0093,login,success,192.168.176.180,Chrome/113.0,Login attempt,example.com,
2025-05-06T08:04:04.591659Z,U0032,login,success,172.16.198.251,Edge/90.0,Login attempt,corp.example.com,
2025-05-06T13:11:04.591688Z,U0054,password_change,success,10.204.150.128,Mozilla/5.0,Password changed successfully,internal.example.org,
2025-05-06T18:41:04.591718Z,U0046,logout,success,172.27.56.197,Mozilla/5.0,User logged out,internal.example.org,
2025-05-07T01:45:04.591747Z,U0063,login,success,192.168.167.127,Safari/605.1.15,Login attempt,example.com,
2025-05-06T13:06:04.591774Z,U0021,login,success,172.23.3.156,Chrome/113.0,Login attempt,example.com,
2025-05-07T03:18:04.591801Z,U0051,login,success,172.29.226.211,Edge/90.0,Login attempt,example.com,
2025-05-06T12:54:04.591829Z,U0046,login,success,10.27.109.128,Chrome/113.0,Login attempt,example.com,
2025-05-06T15:08:04.591856Z,U0020,logout,success,192.168.189.75,Mozilla/5.0,User logged out,corp.example.com,
2025-05-06T06:35:04.591896Z,U0001,password_change,success,10.30.108.252,Safari/605.1.15,Password changed successfully,corp.example.com,
2025-05-06T19:40:04.591945Z,U0086,logout,success,10.163.107.145,Mozilla/5.0,User logged out,example.com,
2025-05-06T07:57:04.591993Z,U0046,password_change,success,10.54.98.247,Mozilla/5.0,Password changed successfully,corp.example.com,
2025-05-06T21:26:04.592042Z,U0095,login,failure,172.24.227.154,Edge/90.0,Login attempt,example.com,Invalid password
2025-05-06T13:05:04.592288Z,U0071,password_change,success,172.25.48.65,Mozilla/5.0,Password changed successfully,internal.example.org,
2025-05-06T23:22:04.592394Z,U0005,login,success,192.168.209.103,Edge/90.0,Login attempt,internal.example.org,
2025-05-06T17:08:04.592437Z,U0071,logout,success,192.168.136.91,Mozilla/5.0,User logged out,internal.example.org,
2025-05-07T02:36:04.592470Z,U0079,logout,success,172.16.190.198,Mozilla/5.0,User logged out,corp.example.com,
2025-05-07T01:30:04.592501Z,U0020,password_change,success,192.168.215.145,Edge/90.0,Password changed successfully,internal.example.org,
2025-05-06T05:38:04.592530Z,U0055,login,failure,172.19.147.85,Mozilla/5.0,Login attempt,corp.example.com,Invalid password
2025-05-06T13:15:04.592558Z,U0086,login,success,192.168.106.241,Safari/605.1.15,Login attempt,internal.example.org,
2025-05-06T13:44:04.592586Z,U0054,logout,success,192.168.126.21,Safari/605.1.15,User logged out,example.com,
2025-05-06T20:38:04.592612Z,U0086,logout,success,10.217.24.53,Mozilla/5.0,User logged out,example.com,
2025-05-06T14:53:04.592645Z,U0079,logout,failure,172.31.168.238,Mozilla/5.0,User logged out,internal.example.org,
2025-05-06T08:11:04.592691Z,U0095,password_change,success,172.16.166.24,Safari/605.1.15,Password changed successfully,internal.example.org,
2025-05-07T02:05:04.592732Z,U0094,logout,success,172.18.3.25,Edge/90.0,User logged out,example.com,
2025-05-06T22:55:04.592770Z,U0051,password_change,success,172.25.20.75,Chrome/113.0,Password changed successfully,corp.example.com,
2025-05-06T18:05:04.592818Z,U0011,logout,failure,192.168.32.232,Chrome/113.0,User logged out,internal.example.org,
2025-05-06T14:39:04.592867Z,U0071,login,success,10.16.230.140,Safari/605.1.15,Login attempt,corp.example.com,
2025-05-06T22:45:04.592914Z,U0096,logout,success,172.20.96.45,Edge/90.0,User logged out,corp.example.com,
2025-05-06T14:33:04.592960Z,U0046,password_change,success,172.24.71.195,Safari/605.1.15,Password changed successfully,internal.example.org,
2025-05-06T06:10:04.592998Z,U0051,logout,success,192.168.24.45,Mozilla/5.0,User logged out,internal.example.org,
2025-05-06T14:58:04.593026Z,U0094,login,success,192.168.74.155,Safari/605.1.15,Login attempt,example.com,
2025-05-06T21:55:04.593054Z,U0063,login,success,10.120.243.36,Safari/605.1.15,Login attempt,internal.example.org,
2025-05-07T04:46:04.593082Z,U0005,login,success,10.144.165.136,Chrome/113.0,Login attempt,internal.example.org,
2025-05-06T13:58:04.593113Z,U0054,login,success,10.172.12.125,Chrome/113.0,Login attempt,corp.example.com,
2025-05-06T15:44:04.593154Z,U0089,password_change,success,172.31.148.67,Edge/90.0,Password changed successfully,corp.example.com,
2025-05-06T10:12:04.593198Z,U0094,password_change,failure,10.158.181.79,Safari/605.1.15,Password change failed,internal.example.org,Policy violation
2025-05-06T12:33:04.593247Z,U0093,login,failure,192.168.41.50,Chrome/113.0,Login attempt,internal.example.org,Invalid password
2025-05-07T03:32:04.593281Z,U0053,login,success,192.168.162.202,Edge/90.0,Login attempt,example.com,
2025-05-07T03:57:04.593309Z,U0045,logout,success,10.69.97.155,Edge/90.0,User logged out,internal.example.org,
2025-05-06T07:11:04.593337Z,U0042,logout,success,192.168.133.142,Edge/90.0,User logged out,example.com,
2025-05-06T15:14:04.593376Z,U0001,password_change,success,10.98.118.111,Edge/90.0,Password changed successfully,example.com,
2025-05-06T10:07:04.593404Z,U0007,password_change,success,10.36.242.146,Chrome/113.0,Password changed successfully,example.com,
2025-05-07T02:06:04.593431Z,U0058,login,success,192.168.4.26,Chrome/113.0,Login attempt,corp.example.com,
2025-05-06T06:09:04.593466Z,U0042,logout,success,192.168.190.251,Mozilla/5.0,User logged out,internal.example.org,
2025-05-06T20:07:04.593496Z,U0089,password_change,success,192.168.222.87,Mozilla/5.0,Password changed successfully,internal.example.org,
2025-05-06T18:24:04.593523Z,U0046,login,success,172.31.104.232,Safari/605.1.15,Login attempt,example.com,
2025-05-06T22:59:04.593550Z,U0086,logout,success,172.26.153.20,Safari/605.1.15,User logged out,corp.example.com,
2025-05-06T14:15:04.593576Z,U0047,password_change,success,192.168.27.168,Mozilla/5.0,Password changed successfully,internal.example.org,
2025-05-06T23:10:04.593603Z,U0011,login,success,172.25.53.79,Chrome/113.0,Login attempt,corp.example.com,
2025-05-06T12:13:04.593629Z,U0011,login,success,172.16.245.20,Edge/90.0,Login attempt,internal.example.org,
2025-05-06T08:33:04.593655Z,U0059,password_change,success,192.168.136.1,Mozilla/5.0,Password changed successfully,example.com,
2025-05-07T02:19:04.593681Z,U0096,password_change,success,192.168.69.96,Safari/605.1.15,Password changed successfully,internal.example.org,
2025-05-07T04:27:04.593708Z,U0011,login,failure,192.168.232.205,Edge/90.0,Login attempt,corp.example.com,Invalid password
2025-05-06T07:43:04.593742Z,U0031,logout,success,172.25.98.235,Chrome/113.0,User logged out,corp.example.com,
2025-05-06T08:14:04.593789Z,U0098,password_change,success,172.24.117.132,Chrome/113.0,Password changed successfully,corp.example.com,
2025-05-06T15:08:04.593821Z,U0086,login,success,192.168.18.39,Safari/605.1.15,Login attempt,internal.example.org,
2025-05-06T07:32:04.593865Z,U0031,login,success,10.178.214.25,Chrome/113.0,Login attempt,internal.example.org,
2025-05-06T21:46:04.593910Z,U0048,password_change,success,10.49.101.114,Edge/90.0,Password changed successfully,example.com,
2025-05-06T13:01:04.593956Z,U0011,logout,success,172.30.94.39,Chrome/113.0,User logged out,example.com,
2025-05-06T17:20:04.594002Z,U0073,password_change,success,10.123.118.84,Edge/90.0,Password changed successfully,internal.example.org,
2025-05-06T05:12:04.594048Z,U0073,password_change,failure,192.168.103.70,Mozilla/5.0,Password change failed,internal.example.org,Policy violation
2025-05-07T03:21:04.594093Z,U0011,login,success,10.207.169.198,Edge/90.0,Login attempt,corp.example.com,
2025-05-06T06:37:04.594122Z,U0045,login,failure,172.22.173.46,Chrome/113.0,Login attempt,internal.example.org,Invalid password
2025-05-07T00:12:04.594149Z,U0042,password_change,success,172.19.96.171,Chrome/113.0,Password changed successfully,corp.example.com,
2025-05-06T14:45:04.594176Z,U0031,password_change,success,10.167.164.156,Chrome/113.0,Password changed successfully,corp.example.com,
2025-05-06T20:53:04.594205Z,U0073,logout,failure,10.169.175.66,Edge/90.0,User logged out,internal.example.org,
2025-05-06T11:18:04.594246Z,U0051,password_change,success,172.16.18.114,Safari/605.1.15,Password changed successfully,internal.example.org,
2025-05-06T20:25:04.594275Z,U0042,login,success,192.168.154.51,Safari/605.1.15,Login attempt,example.com,
2025-05-06T05:14:04.594315Z,U0007,login,failure,10.82.15.248,Edge/90.0,Login attempt,internal.example.org,Invalid password
2025-05-06T13:14:04.594349Z,U0055,password_change,success,10.125.138.154,Chrome/113.0,Password changed successfully,example.com,
2025-05-06T14:30:04.594376Z,U0044,logout,success,10.155.7.121,Edge/90.0,User logged out,internal.example.org,
2025-05-06T09:55:04.594402Z,U0089,password_change,success,10.25.234.157,Edge/90.0,Password changed successfully,example.com,
2025-05-06T18:41:04.594428Z,U0020,login,success,172.27.186.112,Mozilla/5.0,Login attempt,example.com,
2025-05-07T02:55:04.594454Z,U0059,password_change,success,10.75.217.243,Safari/605.1.15,Password changed successfully,internal.example.org,
2025-05-06T21:29:04.594481Z,U0086,password_change,failure,192.168.64.53,Mozilla/5.0,Password change failed,internal.example.org,Policy violation
2025-05-06T08:59:04.594508Z,U0089,login,success,10.0.74.76,Edge/90.0,Login attempt,corp.example.com,
2025-05-07T00:58:04.594544Z,U0098,logout,success,172.16.11.21,Mozilla/5.0,User logged out,example.com,
2025-05-06T10:38:04.594573Z,U0044,login,success,10.160.247.187,Chrome/113.0,Login attempt,example.com,
2025-05-06T07:52:04.594599Z,U0048,login,success,192.168.0.244,Mozilla/5.0,Login attempt,example.com,
2025-05-06T14:37:04.594625Z,U0079,password_change,success,10.20.7.175,Edge/90.0,Password changed successfully,example.com,
2025-05-06T13:42:04.594788Z,U0063,login,failure,10.137.185.206,Safari/605.1.15,Login attempt,corp.example.com,Invalid password
2025-05-06T17:04:04.594848Z,U0048,logout,success,192.168.24.9,Safari/605.1.15,User logged out,internal.example.org,
2025-05-06T08:02:04.594899Z,U0095,password_change,success,172.29.155.250,Chrome/113.0,Password changed successfully,corp.example.com,
2025-05-06T07:38:04.594948Z,U0093,login,success,192.168.32.221,Chrome/113.0,Login attempt,corp.example.com,
2025-05-06T09:32:04.594995Z,U0051,password_change,success,10.52.32.206,Safari/605.1.15,Password changed successfully,example.com,
2025-05-06T14:06:04.595043Z,U0046,logout,success,172.29.182.238,Safari/605.1.15,User logged out,example.com,
2025-05-06T15:08:04.595090Z,U0071,logout,failure,10.113.4.29,Edge/90.0,User logged out,example.com,
2025-05-07T03:40:04.595135Z,U0063,login,success,172.30.75.121,Mozilla/5.0,Login attempt,corp.example.com,
2025-05-06T19:32:04.595170Z,U0031,logout,success,10.190.154.253,Safari/605.1.15,User logged out,example.com,
2025-05-07T05:00:04.595198Z,U0018,login,success,10.102.218.252,Safari/605.1.15,Login attempt,corp.example.com,
2025-05-06T14:00:04.595225Z,U0045,login,success,172.19.149.4,Safari/605.1.15,Login attempt,corp.example.com,
2025-05-06T23:00:04.595442Z,U0095,login,failure,192.168.31.123,Mozilla/5.0,Login attempt,internal.example.org,Invalid password
2025-05-06T13:16:04.595501Z,U0058,logout,success,192.168.72.227,Safari/605.1.15,User logged out,corp.example.com,
2025-05-06T15:44:04.595531Z,U0048,logout,success,192.168.147.212,Edge/90.0,User logged out,example.com,
2025-05-06T05:28:04.595559Z,U0079,logout,success,10.50.167.145,Chrome/113.0,User logged out,corp.example.com,
2025-05-06T10:43:04.595587Z,U0095,login,success,172.26.27.158,Safari/605.1.15,Login attempt,example.com,
2025-05-06T09:04:04.595617Z,U0094,login,success,10.193.184.94,Chrome/113.0,Login attempt,corp.example.com,
2025-05-06T08:53:04.595656Z,U0020,login,success,10.252.224.139,Safari/605.1.15,Login attempt,example.com,
2025-05-07T04:29:04.595683Z,U0093,password_change,success,192.168.233.171,Safari/605.1.15,Password changed successfully,example.com,
2025-05-06T22:08:04.595710Z,U0058,logout,success,192.168.117.201,Safari/605.1.15,User logged out,internal.example.org,
2025-05-06T11:00:04.595736Z,U0042,logout,success,172.27.63.172,Chrome/113.0,User logged out,internal.example.org,
2025-05-07T00:44:04.595762Z,U0050,login,success,10.194.59.198,Edge/90.0,Login attempt,internal.example.org,
2025-05-06T13:13:04.595788Z,U0005,logout,failure,192.168.137.247,Mozilla/5.0,User logged out,example.com,
2025-05-06T19:59:04.595815Z,U0050,login,success,10.30.123.136,Safari/605.1.15,Login attempt,example.com,
2025-05-06T09:17:04.595840Z,U0045,logout,success,10.247.18.160,Mozilla/5.0,User logged out,corp.example.com,
2025-05-06T22:29:04.595866Z,U0071,password_change,success,10.119.140.246,Chrome/113.0,Password changed successfully,corp.example.com,
2025-05-06T23:19:04.595892Z,U0007,password_change,success,192.168.167.162,Chrome/113.0,Password changed successfully,internal.example.org,
2025-05-07T03:33:04.595936Z,U0094,password_change,success,172.27.56.0,Edge/90.0,Password changed successfully,corp.example.com,
2025-05-07T01:18:04.595964Z,U0047,password_change,success,10.139.109.211,Chrome/113.0,Password changed successfully,example.com,
2025-05-07T02:50:04.596001Z,U0020,logout,success,172.24.122.78,Safari/605.1.15,User logged out,example.com,
2025-05-06T11:08:04.596030Z,U0098,logout,success,192.168.27.140,Edge/90.0,User logged out,example.com,
2025-05-06T20:29:04.596070Z,U0051,password_change,success,192.168.179.61,Mozilla/5.0,Password changed successfully,example.com,
2025-05-06T11:01:04.596098Z,U0045,password_change,success,10.12.255.71,Mozilla/5.0,Password changed successfully,internal.example.org,
2025-05-06T17:12:04.596125Z,U0020,login,success,172.19.167.63,Edge/90.0,Login attempt,example.com,
2025-05-06T18:39:04.596165Z,U0059,login,success,192.168.148.27,Chrome/113.0,Login attempt,internal.example.org,
2025-05-06T22:46:04.596191Z,U0018,login,success,192.168.126.35,Chrome/113.0,Login attempt,internal.example.org,
2025-05-06T06:27:04.596216Z,U0018,logout,success,192.168.226.16,Safari/605.1.15,User logged out,corp.example.com,
2025-05-06T09:19:04.596244Z,U0051,password_change,success,192.168.22.18,Chrome/113.0,Password changed successfully,corp.example.com,
2025-05-06T19:04:04.596284Z,U0021,password_change,success,172.16.243.238,Edge/90.0,Password changed successfully,internal.example.org,
2025-05-06T20:57:04.596312Z,U0052,password_change,success,10.93.35.17,Mozilla/5.0,Password changed successfully,internal.example.org,
2025-05-07T03:47:04.596339Z,U0079,password_change,success,10.57.83.144,Chrome/113.0,Password changed successfully,corp.example.com,
2025-05-07T00:22:04.596366Z,U0052,login,success,192.168.208.119,Safari/605.1.15,Login attempt,internal.example.org,
2025-05-06T10:09:04.596391Z,U0095,login,success,10.0.15.204,Mozilla/5.0,Login attempt,internal.example.org,
2025-05-06T19:17:04.596417Z,U0069,login,success,10.62.234.168,Chrome/113.0,Login attempt,internal.example.org,
2025-05-06T11:15:04.596442Z,U0051,login,success,172.21.224.156,Mozilla/5.0,Login attempt,internal.example.org,
2025-05-07T05:04:04.596468Z,U0063,login,failure,172.21.59.66,Safari/605.1.15,Login attempt,internal.example.org,Invalid password
2025-05-07T02:03:04.596494Z,U0020,password_change,failure,192.168.102.236,Safari/605.1.15,Password change failed,example.com,Policy violation
2025-05-06T19:28:04.596522Z,U0001,login,success,10.232.161.179,Mozilla/5.0,Login attempt,example.com,
2025-05-06T16:29:04.596548Z,U0006,logout,success,192.168.37.117,Mozilla/5.0,User logged out,example.com,
2025-05-06T14:53:04.596573Z,U0051,login,success,10.7.223.44,Chrome/113.0,Login attempt,corp.example.com,
2025-05-06T12:34:04.596599Z,U0031,login,success,192.168.3.254,Edge/90.0,Login attempt,corp.example.com,
2025-05-06T21:22:04.596624Z,U0044,login,success,192.168.167.148,Safari/605.1.15,Login attempt,example.com,
2025-05-06T23:18:04.596651Z,U0005,password_change,failure,192.168.226.20,Mozilla/5.0,Password change failed,internal.example.org,Policy violation
2025-05-06T22:10:04.596678Z,U0021,login,success,172.19.47.185,Safari/605.1.15,Login attempt,corp.example.com,
2025-05-06T22:29:04.596704Z,U0073,login,success,172.27.131.186,Mozilla/5.0,Login attempt,example.com,
2025-05-06T11:25:04.596729Z,U0054,login,success,192.168.23.53,Edge/90.0,Login attempt,corp.example.com,
2025-05-07T01:31:04.596765Z,U0018,password_change,success,10.6.39.46,Edge/90.0,Password changed successfully,corp.example.com,
2025-05-06T17:40:04.596794Z,U0006,password_change,success,172.30.162.205,Chrome/113.0,Password changed successfully,corp.example.com,
2025-05-06T23:27:04.596821Z,U0042,logout,success,192.168.218.111,Chrome/113.0,User logged out,corp.example.com,
2025-05-06T19:01:04.596857Z,U0079,login,success,192.168.129.240,Edge/90.0,Login attempt,internal.example.org,
2025-05-06T06:06:04.596885Z,U0032,password_change,success,10.203.238.191,Mozilla/5.0,Password changed successfully,internal.example.org,
2025-05-06T14:26:04.596912Z,U0020,login,success,10.30.20.171,Mozilla/5.0,Login attempt,example.com,
2025-05-06T11:03:04.596938Z,U0042,password_change,failure,192.168.171.74,Mozilla/5.0,Password change failed,corp.example.com,Policy violation
2025-05-06T10:36:04.596964Z,U0046,password_change,success,192.168.36.86,Mozilla/5.0,Password changed successfully,example.com,
2025-05-06T22:12:04.596991Z,U0089,password_change,success,10.202.46.179,Chrome/113.0,Password changed successfully,internal.example.org,
2025-05-06T09:42:04.597017Z,U0094,login,failure,192.168.58.0,Mozilla/5.0,Login attempt,example.com,Invalid password
2025-05-06T23:34:04.597042Z,U0093,password_change,success,192.168.83.24,Edge/90.0,Password changed successfully,internal.example.org,
2025-05-06T14:34:04.597093Z,U0069,password_change,success,172.24.102.232,Chrome/113.0,Password changed successfully,internal.example.org,
2025-05-06T13:36:04.597252Z,U0071,logout,success,192.168.157.219,Edge/90.0,User logged out,corp.example.com,
2025-05-07T01:56:04.597342Z,U0006,password_change,success,10.8.126.117,Safari/605.1.15,Password changed successfully,corp.example.com,
2025-05-06T22:07:04.597395Z,U0071,password_change,success,172.22.26.163,Safari/605.1.15,Password changed successfully,internal.example.org,
2025-05-06T11:20:04.597443Z,U0052,password_change,success,172.25.68.36,Safari/605.1.15,Password changed successfully,example.com,
2025-05-06T14:50:04.597489Z,U0098,logout,success,10.13.251.8,Mozilla/5.0,User logged out,example.com,
2025-05-06T22:27:04.597533Z,U0095,login,failure,192.168.134.227,Safari/605.1.15,Login attempt,internal.example.org,Invalid password
2025-05-07T00:59:04.597566Z,U0098,login,success,172.27.27.230,Safari/605.1.15,Login attempt,example.com,
2025-05-06T23:27:04.597593Z,U0073,logout,failure,172.23.254.200,Chrome/113.0,User logged out,corp.example.com,
2025-05-06T06:18:04.597620Z,U0006,logout,success,10.134.40.72,Safari/605.1.15,User logged out,internal.example.org,
2025-05-07T01:41:04.597646Z,U0047,logout,success,172.21.119.14,Mozilla/5.0,User logged out,example.com,
2025-05-06T23:13:04.597673Z,U0048,login,success,192.168.35.253,Edge/90.0,Login attempt,internal.example.org,
2025-05-06T11:12:04.597699Z,U0042,login,success,10.96.80.222,Safari/605.1.15,Login attempt,corp.example.com,
2025-05-06T09:29:04.597725Z,U0089,logout,success,192.168.234.170,Safari/605.1.15,User logged out,corp.example.com,
2025-05-06T06:01:04.597752Z,U0095,login,success,172.25.204.25,Edge/90.0,Login attempt,internal.example.org,
2025-05-06T11:32:04.597778Z,U0096,logout,success,10.141.205.150,Chrome/113.0,User logged out,corp.example.com,
2025-05-07T04:00:04.597805Z,U0086,logout,success,10.252.246.170,Chrome/113.0,User logged out,example.com,
2025-05-06T08:14:04.597833Z,U0089,logout,success,192.168.195.158,Chrome/113.0,User logged out,internal.example.org,
2025-05-06T19:39:04.597859Z,U0055,logout,success,10.205.185.60,Safari/605.1.15,User logged out,corp.example.com,
2025-05-07T04:45:04.597885Z,U0071,logout,success,172.23.254.23,Mozilla/5.0,User logged out,corp.example.com,
2025-05-06T16:08:04.597912Z,U0079,logout,failure,172.27.234.26,Safari/605.1.15,User logged out,example.com,
2025-05-06T17:22:04.597938Z,U0086,logout,success,10.224.100.255,Chrome/113.0,User logged out,example.com,
2025-05-06T09:56:04.597964Z,U0079,login,failure,10.177.42.35,Chrome/113.0,Login attempt,internal.example.org,Invalid password
2025-05-06T19:26:04.597990Z,U0044,password_change,success,192.168.113.23,Mozilla/5.0,Password changed successfully,example.com,
2025-05-06T23:03:04.598017Z,U0045,password_change,failure,192.168.216.17,Chrome/113.0,Password change failed,example.com,Policy violation
2025-05-06T19:44:04.598043Z,U0052,login,success,172.22.11.83,Mozilla/5.0,Login attempt,internal.example.org,
2025-05-07T03:59:04.598068Z,U0011,password_change,success,10.129.161.148,Mozilla/5.0,Password changed successfully,corp.example.com,
2025-05-06T11:43:04.598094Z,U0018,logout,success,172.17.80.100,Chrome/113.0,User logged out,corp.example.com,
2025-05-06T13:33:04.598120Z,U0069,password_change,success,10.54.232.75,Chrome/113.0,Password changed successfully,internal.example.org,
2025-05-06T20:08:04.598146Z,U0058,logout,success,10.92.224.22,Safari/605.1.15,User logged out,corp.example.com,
2025-05-07T00:13:04.598173Z,U0058,password_change,success,192.168.4.237,Edge/90.0,Password changed successfully,internal.example.org,
2025-05-06T12:15:04.598199Z,U0073,password_change,success,10.238.24.168,Safari/605.1.15,Password changed successfully,example.com,
2025-05-07T02:13:04.598225Z,U0086,login,success,10.56.48.49,Edge/90.0,Login attempt,example.com,
2025-05-06T15:54:04.598251Z,U0053,logout,success,192.168.35.53,Edge/90.0,User logged out,corp.example.com,
2025-05-07T04:42:04.598277Z,U0069,logout,success,172.26.117.156,Chrome/113.0,User logged out,corp.example.com,
2025-05-07T03:12:04.598308Z,U0063,logout,success,192.168.243.81,Edge/90.0,User logged out,example.com,
2025-05-06T19:59:04.598352Z,U0048,login,success,172.22.234.207,Mozilla/5.0,Login attempt,corp.example.com,
2025-05-06T21:32:04.598397Z,U0051,logout,success,172.18.0.112,Mozilla/5.0,User logged out,corp.example.com,
2025-05-07T00:55:04.598444Z,U0021,login,success,10.107.173.48,Chrome/113.0,Login attempt,corp.example.com,
2025-05-06T10:26:04.598490Z,U0054,logout,failure,10.108.43.231,Edge/90.0,User logged out,internal.example.org,
2025-05-06T23:20:04.598535Z,U0018,login,success,172.31.90.165,Chrome/113.0,Login attempt,example.com,
2025-05-07T01:10:04.598579Z,U0001,password_change,success,10.167.94.193,Chrome/113.0,Password changed successfully,internal.example.org,
2025-05-06T17:16:04.598623Z,U0005,password_change,failure,10.105.188.214,Edge/90.0,Password change failed,corp.example.com,Policy violation
2025-05-06T22:03:04.598665Z,U0094,logout,failure,172.20.26.210,Chrome/113.0,User logged out,corp.example.com,
2025-05-06T12:40:04.598693Z,U0053,password_change,success,192.168.54.19,Mozilla/5.0,Password changed successfully,internal.example.org,
2025-05-06T06:28:04.598720Z,U0058,password_change,success,172.23.12.78,Safari/605.1.15,Password changed successfully,corp.example.com,
2025-05-07T01:48:04.598747Z,U0054,password_change,success,172.22.42.81,Chrome/113.0,Password changed successfully,example.com,
2025-05-06T22:30:04.598773Z,U0086,login,failure,172.21.229.230,Chrome/113.0,Login attempt,internal.example.org,Invalid password
2025-05-06T20:01:04.598800Z,U0093,login,success,10.191.124.176,Chrome/113.0,Login attempt,example.com,
2025-05-07T03:46:04.598826Z,U0069,password_change,success,192.168.127.231,Safari/605.1.15,Password changed successfully,example.com,
2025-05-07T00:19:04.598852Z,U0054,login,failure,10.53.191.250,Edge/90.0,Login attempt,internal.example.org,Invalid password
2025-05-06T14:20:04.598879Z,U0098,password_change,success,192.168.24.161,Chrome/113.0,Password changed successfully,example.com,
2025-05-07T01:22:04.598906Z,U0011,logout,success,192.168.209.88,Safari/605.1.15,User logged out,example.com,
2025-05-07T00:38:04.598932Z,U0054,password_change,success,192.168.245.153,Mozilla/5.0,Password changed successfully,example.com,
2025-05-07T02:06:04.598959Z,U0073,password_change,success,192.168.151.156,Edge/90.0,Password changed successfully,example.com,
2025-05-06T08:12:04.598985Z,U0058,password_change,failure,10.244.221.154,Edge/90.0,Password change failed,internal.example.org,Policy violation
2025-05-06T13:30:04.599017Z,U0018,login,success,10.81.59.11,Chrome/113.0,Login attempt,corp.example.com,
2025-05-06T07:18:04.599043Z,U0031,password_change,success,10.135.103.25,Edge/90.0,Password changed successfully,example.com,
2025-05-06T20:45:04.599070Z,U0096,password_change,success,192.168.231.242,Safari/605.1.15,Password changed successfully,corp.example.com,
2025-05-06T11:58:04.599096Z,U0058,logout,success,192.168.158.189,Mozilla/5.0,User logged out,internal.example.org,
2025-05-06T18:08:04.599123Z,U0001,login,success,192.168.70.1,Edge/90.0,Login attempt,corp.example.com,
2025-05-06T21:31:04.599149Z,U0086,logout,failure,10.42.146.0,Chrome/113.0,User logged out,example.com,
2025-05-06T20:05:04.599174Z,U0011,login,success,10.15.43.237,Chrome/113.0,Login attempt,internal.example.org,
2025-05-06T17:15:04.599201Z,U0032,password_change,success,10.235.248.120,Mozilla/5.0,Password changed successfully,example.com,
2025-05-06T10:31:04.599228Z,U0063,logout,success,10.213.118.66,Safari/605.1.15,User logged out,corp.example.com,
2025-05-06T22:12:04.599425Z,U0079,logout,failure,10.180.62.26,Safari/605.1.15,User logged out,corp.example.com,
2025-05-06T15:29:04.599485Z,U0042,login,success,10.228.245.31,Chrome/113.0,Login attempt,example.com,
2025-05-06T16:13:04.599531Z,U0020,logout,success,192.168.117.41,Mozilla/5.0,User logged out,internal.example.org,
2025-05-06T05:52:04.599577Z,U0021,logout,success,172.24.33.221,Mozilla/5.0,User logged out,example.com,
2025-05-06T23:02:04.599790Z,U0071,password_change,success,10.23.130.28,Edge/90.0,Password changed successfully,example.com,
2025-05-06T12:28:04.599904Z,U0095,logout,success,172.24.210.204,Mozilla/5.0,User logged out,internal.example.org,
2025-05-06T20:27:04.599963Z,U0046,logout,success,172.29.162.163,Edge/90.0,User logged out,corp.example.com,
2025-05-06T13:48:04.600013Z,U0095,password_change,success,192.168.89.217,Safari/605.1.15,Password changed successfully,internal.example.org,
2025-05-06T07:37:04.600047Z,U0031,login,success,172.24.207.38,Chrome/113.0,Login attempt,corp.example.com,
2025-05-07T04:18:04.600084Z,U0093,login,success,192.168.146.31,Edge/90.0,Login attempt,internal.example.org,
2025-05-06T23:45:04.600115Z,U0006,logout,success,172.16.57.40,Chrome/113.0,User logged out,corp.example.com,
2025-05-06T16:32:04.600142Z,U0073,logout,success,10.212.71.149,Mozilla/5.0,User logged out,internal.example.org,
2025-05-07T02:38:04.600185Z,U0071,password_change,success,10.191.193.10,Chrome/113.0,Password changed successfully,corp.example.com,
2025-05-06T11:00:04.600232Z,U0058,logout,success,192.168.167.137,Mozilla/5.0,User logged out,internal.example.org,
2025-05-06T07:34:04.600291Z,U0094,logout,success,172.30.33.211,Mozilla/5.0,User logged out,internal.example.org,
2025-05-06T20:46:04.600322Z,U0047,login,success,192.168.187.27,Safari/605.1.15,Login attempt,example.com,
2025-05-06T22:30:04.600349Z,U0051,password_change,success,192.168.140.167,Safari/605.1.15,Password changed successfully,example.com,
2025-05-06T21:38:04.600376Z,U0050,login,failure,10.65.11.38,Edge/90.0,Login attempt,example.com,Invalid password
2025-05-07T05:07:04.600404Z,U0089,password_change,success,172.23.200.145,Edge/90.0,Password changed successfully,internal.example.org,
2025-05-06T19:13:04.600445Z,U0086,password_change,failure,10.112.98.242,Chrome/113.0,Password change failed,internal.example.org,Policy violation
2025-05-06T18:01:04.600473Z,U0006,password_change,success,10.57.228.15,Safari/605.1.15,Password changed successfully,example.com,
2025-05-06T13:22:04.600500Z,U0059,logout,success,192.168.178.174,Chrome/113.0,User logged out,corp.example.com,
2025-05-06T19:45:04.600527Z,U0094,login,success,192.168.253.153,Safari/605.1.15,Login attempt,example.com,
2025-05-06T17:49:04.600553Z,U0047,password_change,success,10.213.169.97,Chrome/113.0,Password changed successfully,corp.example.com,
2025-05-06T17:47:04.600580Z,U0086,login,success,192.168.17.102,Chrome/113.0,Login attempt,internal.example.org,
2025-05-06T16:02:04.600615Z,U0069,login,success,10.29.210.230,Safari/605.1.15,Login attempt,corp.example.com,
2025-05-06T06:25:04.600659Z,U0042,logout,success,172.31.154.146,Chrome/113.0,User logged out,example.com,
2025-05-06T05:52:04.600705Z,U0098,password_change,failure,172.21.191.131,Chrome/113.0,Password change failed,example.com,Policy violation
2025-05-07T02:57:04.600752Z,U0079,logout,success,172.30.202.159,Edge/90.0,User logged out,corp.example.com,
2025-05-06T08:13:04.600790Z,U0011,password_change,success,192.168.210.104,Mozilla/5.0,Password changed successfully,corp.example.com,
2025-05-06T11:17:04.600819Z,U0055,logout,success,192.168.194.63,Edge/90.0,User logged out,corp.example.com,
2025-05-06T09:49:04.600858Z,U0006,password_change,success,10.194.170.141,Mozilla/5.0,Password changed successfully,internal.example.org,
2025-05-06T10:49:04.600906Z,U0073,password_change,success,10.90.31.242,Safari/605.1.15,Password changed successfully,internal.example.org,
2025-05-06T05:24:04.600954Z,U0071,password_change,success,10.116.130.129,Mozilla/5.0,Password changed successfully,internal.example.org,
2025-05-06T10:14:04.600997Z,U0069,login,failure,172.30.40.50,Mozilla/5.0,Login attempt,corp.example.com,Invalid password
2025-05-06T12:37:04.601026Z,U0007,logout,failure,192.168.127.126,Edge/90.0,User logged out,internal.example.org,
2025-05-06T16:28:04.601061Z,U0059,password_change,success,192.168.179.85,Edge/90.0,Password changed successfully,corp.example.com,
2025-05-06T10:20:04.601102Z,U0050,logout,success,10.38.93.251,Chrome/113.0,User logged out,corp.example.com,
2025-05-06T10:09:04.601130Z,U0069,password_change,success,172.18.160.233,Safari/605.1.15,Password changed successfully,example.com,
2025-05-06T05:39:04.601158Z,U0051,logout,success,192.168.48.14,Chrome/113.0,User logged out,example.com,
2025-05-06T20:02:04.601185Z,U0063,login,success,172.28.109.126,Safari/605.1.15,Login attempt,example.com,
2025-05-06T15:43:04.601211Z,U0044,login,success,192.168.94.234,Safari/605.1.15,Login attempt,internal.example.org,
2025-05-06T23:18:04.601237Z,U0053,login,failure,192.168.150.115,Edge/90.0,Login attempt,internal.example.org,Invalid password
2025-05-06T08:12:04.601263Z,U0007,login,success,10.199.218.73,Edge/90.0,Login attempt,corp.example.com,
2025-05-06T14:53:04.601290Z,U0094,logout,success,192.168.58.243,Mozilla/5.0,User logged out,corp.example.com,
2025-05-07T02:05:04.601317Z,U0044,login,success,10.157.207.47,Chrome/113.0,Login attempt,internal.example.org,
2025-05-06T22:02:04.601343Z,U0053,logout,success,10.228.191.161,Chrome/113.0,User logged out,example.com,
2025-05-07T00:51:04.601369Z,U0044,password_change,failure,172.21.35.165,Edge/90.0,Password change failed,corp.example.com,Policy violation
2025-05-07T01:51:04.601396Z,U0059,password_change,success,10.255.121.231,Chrome/113.0,Password changed successfully,corp.example.com,
2025-05-06T09:30:04.601423Z,U0020,logout,failure,172.31.155.165,Chrome/113.0,User logged out,example.com,
2025-05-06T17:26:04.601449Z,U0055,logout,success,10.17.234.203,Safari/605.1.15,User logged out,corp.example.com,
2025-05-06T13:22:04.601475Z,U0098,login,success,10.24.8.109,Safari/605.1.15,Login attempt,internal.example.org,
2025-05-06T08:05:04.601500Z,U0021,password_change,failure,172.30.122.173,Edge/90.0,Password change failed,corp.example.com,Policy violation
2025-05-06T22:06:04.601527Z,U0047,login,success,192.168.215.43,Chrome/113.0,Login attempt,corp.example.com,
2025-05-06T19:29:04.601552Z,U0032,password_change,success,192.168.247.144,Chrome/113.0,Password changed successfully,example.com,
2025-05-06T20:04:04.601578Z,U0048,password_change,success,192.168.213.8,Mozilla/5.0,Password changed successfully,corp.example.com,
2025-05-06T13:34:04.601605Z,U0018,logout,failure,192.168.81.159,Edge/90.0,User logged out,example.com,
2025-05-06T23:40:04.601630Z,U0045,login,success,192.168.244.188,Edge/90.0,Login attempt,internal.example.org,
2025-05-06T17:51:04.601666Z,U0020,login,success,172.17.51.233,Safari/605.1.15,Login attempt,example.com,
2025-05-06T18:49:04.601706Z,U0055,password_change,failure,192.168.121.237,Mozilla/5.0,Password change failed,internal.example.org,Policy violation
2025-05-06T15:13:04.601748Z,U0058,logout,success,192.168.114.189,Chrome/113.0,User logged out,corp.example.com,
2025-05-06T07:34:04.601792Z,U0051,login,failure,172.25.16.115,Safari/605.1.15,Login attempt,internal.example.org,Invalid password
2025-05-06T23:32:04.601837Z,U0093,logout,success,172.23.93.15,Safari/605.1.15,User logged out,example.com,
2025-05-06T07:04:04.601878Z,U0048,login,success,172.31.184.196,Safari/605.1.15,Login attempt,example.com,
2025-05-06T23:34:04.601919Z,U0051,login,failure,192.168.220.88,Edge/90.0,Login attempt,example.com,Invalid password
2025-05-06T19:48:04.601962Z,U0050,login,success,192.168.2.140,Mozilla/5.0,Login attempt,example.com,
2025-05-06T14:10:04.602006Z,U0048,logout,success,192.168.102.185,Chrome/113.0,User logged out,internal.example.org,
2025-05-06T14:40:04.602052Z,U0001,password_change,success,192.168.246.130,Chrome/113.0,Password changed successfully,internal.example.org,
2025-05-07T02:33:04.602100Z,U0044,logout,success,10.60.73.83,Safari/605.1.15,User logged out,internal.example.org,
2025-05-06T22:16:04.602146Z,U0058,password_change,failure,10.71.141.196,Chrome/113.0,Password change failed,example.com,Policy violation
2025-05-07T01:12:04.602192Z,U0032,password_change,success,10.128.26.95,Safari/605.1.15,Password changed successfully,internal.example.org,
2025-05-06T06:32:04.602240Z,U0098,login,success,10.230.164.201,Chrome/113.0,Login attempt,corp.example.com,
2025-05-06T18:34:04.602417Z,U0052,login,failure,10.148.142.81,Mozilla/5.0,Login attempt,corp.example.com,Invalid password
2025-05-06T18:22:04.602501Z,U0042,password_change,success,10.31.43.141,Mozilla/5.0,Password changed successfully,internal.example.org,
2025-05-06T19:51:04.602536Z,U0007,login,success,10.163.211.118,Safari/605.1.15,Login attempt,internal.example.org,
2025-05-06T13:29:04.602567Z,U0050,logout,failure,10.227.86.164,Edge/90.0,User logged out,internal.example.org,
2025-05-07T03:08:04.602594Z,U0047,logout,success,10.16.145.70,Chrome/113.0,User logged out,corp.example.com,
2025-05-06T13:19:04.602622Z,U0044,login,success,172.21.73.124,Chrome/113.0,Login attempt,corp.example.com,
2025-05-06T15:50:04.602650Z,U0032,password_change,success,10.232.44.163,Edge/90.0,Password changed successfully,internal.example.org,
2025-05-06T12:54:04.602678Z,U0050,logout,success,10.70.33.253,Safari/605.1.15,User logged out,example.com,
2025-05-06T17:28:04.602711Z,U0018,logout,success,192.168.111.211,Mozilla/5.0,User logged out,corp.example.com,
2025-05-06T10:47:04.602753Z,U0071,logout,failure,192.168.93.53,Edge/90.0,User logged out,internal.example.org,
2025-05-06T23:00:04.602796Z,U0095,password_change,failure,10.24.169.233,Edge/90.0,Password change failed,corp.example.com,Policy violation
2025-05-06T08:48:04.602838Z,U0079,logout,success,10.84.124.207,Safari/605.1.15,User logged out,example.com,
2025-05-06T19:47:04.602869Z,U0044,logout,success,172.21.208.159,Chrome/113.0,User logged out,example.com,
2025-05-07T03:02:04.602913Z,U0071,login,success,172.26.247.135,Safari/605.1.15,Login attempt,example.com,
2025-05-07T01:06:04.602951Z,U0046,logout,success,192.168.228.84,Mozilla/5.0,User logged out,corp.example.com,
2025-05-07T01:50:04.602990Z,U0053,login,success,192.168.192.109,Safari/605.1.15,Login attempt,corp.example.com,
2025-05-06T06:43:04.603024Z,U0073,login,failure,192.168.221.21,Mozilla/5.0,Login attempt,corp.example.com,Invalid password
2025-05-06T16:09:04.603069Z,U0001,password_change,success,192.168.228.21,Safari/605.1.15,Password changed successfully,corp.example.com,
2025-05-06T15:46:04.603135Z,U0071,logout,success,172.20.38.21,Safari/605.1.15,User logged out,internal.example.org,
2025-05-07T02:58:04.603176Z,U0005,login,success,10.25.34.214,Chrome/113.0,Login attempt,example.com,
2025-05-06T05:14:04.603205Z,U0086,password_change,success,10.76.199.114,Edge/90.0,Password changed successfully,internal.example.org,
2025-05-06T21:41:04.603232Z,U0059,logout,success,172.22.124.20,Edge/90.0,User logged out,corp.example.com,
2025-05-06T20:19:04.603433Z,U0047,logout,success,10.84.134.98,Chrome/113.0,User logged out,example.com,
2025-05-06T20:55:04.603481Z,U0042,password_change,success,10.32.18.11,Mozilla/5.0,Password changed successfully,corp.example.com,
2025-05-07T01:21:04.603524Z,U0093,password_change,success,10.201.44.190,Edge/90.0,Password changed successfully,example.com,
2025-05-06T16:02:04.603554Z,U0095,login,success,172.30.14.231,Safari/605.1.15,Login attempt,internal.example.org,
2025-05-06T12:09:04.603581Z,U0094,logout,success,172.16.225.105,Chrome/113.0,User logged out,internal.example.org,
2025-05-06T06:26:04.603608Z,U0021,password_change,success,10.153.3.47,Safari/605.1.15,Password changed successfully,corp.example.com,
2025-05-06T15:46:04.603636Z,U0018,password_change,success,10.114.145.197,Edge/90.0,Password changed successfully,internal.example.org,
2025-05-07T00:16:04.603663Z,U0042,password_change,success,10.138.248.174,Mozilla/5.0,Password changed successfully,corp.example.com,
2025-05-06T14:02:04.603690Z,U0058,logout,success,172.29.19.207,Mozilla/5.0,User logged out,internal.example.org,
2025-05-06T07:13:04.603716Z,U0032,password_change,success,172.29.184.20,Edge/90.0,Password changed successfully,internal.example.org,
2025-05-07T01:03:04.603743Z,U0053,password_change,failure,192.168.212.232,Mozilla/5.0,Password change failed,example.com,Policy violation
2025-05-06T08:56:04.603772Z,U0032,logout,success,172.28.137.250,Safari/605.1.15,User logged out,example.com,
2025-05-06T17:11:04.603798Z,U0032,login,success,10.11.233.67,Edge/90.0,Login attempt,internal.example.org,
2025-05-06T05:23:04.603824Z,U0095,password_change,success,172.24.122.209,Chrome/113.0,Password changed successfully,example.com,
2025-05-06T19:17:04.603860Z,U0095,password_change,success,172.20.107.198,Mozilla/5.0,Password changed successfully,corp.example.com,
2025-05-06T21:43:04.603908Z,U0046,login,success,192.168.140.31,Safari/605.1.15,Login attempt,corp.example.com,
2025-05-06T13:35:04.603938Z,U0006,logout,success,10.12.30.132,Safari/605.1.15,User logged out,corp.example.com,
2025-05-06T18:38:04.603979Z,U0048,login,success,192.168.107.45,Mozilla/5.0,Login attempt,example.com,
2025-05-07T00:24:04.604021Z,U0021,password_change,success,172.23.230.42,Mozilla/5.0,Password changed successfully,internal.example.org,
2025-05-06T07:12:04.604050Z,U0005,login,success,172.31.196.194,Edge/90.0,Login attempt,internal.example.org,
2025-05-06T09:48:04.604076Z,U0007,password_change,success,172.31.245.41,Chrome/113.0,Password changed successfully,internal.example.org,
2025-05-06T20:55:04.604108Z,U0095,password_change,success,192.168.74.52,Mozilla/5.0,Password changed successfully,example.com,
2025-05-06T17:43:04.604153Z,U0018,logout,failure,172.28.102.137,Chrome/113.0,User logged out,internal.example.org,
2025-05-06T20:50:04.604198Z,U0048,password_change,success,10.6.117.197,Mozilla/5.0,Password changed successfully,corp.example.com,
2025-05-06T19:11:04.604246Z,U0032,password_change,failure,172.23.106.158,Edge/90.0,Password change failed,internal.example.org,Policy violation
2025-05-07T04:13:04.604281Z,U0089,logout,success,172.22.200.69,Mozilla/5.0,User logged out,internal.example.org,
2025-05-06T21:13:04.604308Z,U0001,password_change,success,172.19.227.108,Safari/605.1.15,Password changed successfully,internal.example.org,
2025-05-07T00:40:04.604335Z,U0042,logout,success,192.168.202.173,Safari/605.1.15,User logged out,internal.example.org,
2025-05-06T08:28:04.604362Z,U0007,login,success,172.22.19.31,Safari/605.1.15,Login attempt,example.com,
2025-05-07T03:16:04.604388Z,U0006,logout,success,192.168.223.82,Edge/90.0,User logged out,internal.example.org,
2025-05-06T18:29:04.604415Z,U0053,logout,success,172.17.33.97,Edge/90.0,User logged out,example.com,
2025-05-06T21:07:04.604441Z,U0086,login,success,192.168.88.235,Safari/605.1.15,Login attempt,internal.example.org,
2025-05-06T07:59:04.604468Z,U0044,login,failure,192.168.53.43,Chrome/113.0,Login attempt,example.com,Invalid password
2025-05-06T13:36:04.604497Z,U0098,login,success,172.23.61.128,Chrome/113.0,Login attempt,corp.example.com,
2025-05-06T16:37:04.604536Z,U0093,password_change,success,10.252.36.142,Edge/90.0,Password changed successfully,corp.example.com,
2025-05-06T09:50:04.604570Z,U0053,logout,success,172.29.129.225,Safari/605.1.15,User logged out,internal.example.org,
2025-05-06T17:37:04.604612Z,U0069,login,failure,192.168.158.217,Edge/90.0,Login attempt,internal.example.org,Invalid password
2025-05-06T06:55:04.604659Z,U0001,password_change,success,10.134.55.46,Mozilla/5.0,Password changed successfully,corp.example.com,
2025-05-06T08:48:04.604694Z,U0095,password_change,success,10.25.203.197,Chrome/113.0,Password changed successfully,example.com,
2025-05-06T18:24:04.604730Z,U0095,login,failure,172.22.102.7,Edge/90.0,Login attempt,corp.example.com,Invalid password
2025-05-07T03:18:04.604769Z,U0007,login,success,172.29.35.186,Chrome/113.0,Login attempt,corp.example.com,
2025-05-06T19:05:04.604810Z,U0096,login,success,172.31.242.105,Chrome/113.0,Login attempt,internal.example.org,
2025-05-06T12:05:04.604839Z,U0059,logout,success,172.18.217.14,Mozilla/5.0,User logged out,example.com,
2025-05-06T17:21:04.604865Z,U0042,login,success,172.24.231.20,Chrome/113.0,Login attempt,internal.example.org,
2025-05-06T11:48:04.604894Z,U0048,login,success,10.16.29.66,Edge/90.0,Login attempt,internal.example.org,
2025-05-06T21:07:04.604938Z,U0047,password_change,success,10.193.19.95,Safari/605.1.15,Password changed successfully,corp.example.com,
2025-05-06T18:43:04.605143Z,U0018,login,success,172.21.160.53,Mozilla/5.0,Login attempt,corp.example.com,
2025-05-06T10:52:04.605221Z,U0095,password_change,success,192.168.230.193,Mozilla/5.0,Password changed successfully,example.com,
2025-05-06T06:03:04.605274Z,U0054,password_change,success,172.31.108.13,Edge/90.0,Password changed successfully,internal.example.org,
2025-05-06T09:13:04.605319Z,U0021,logout,success,172.19.91.20,Safari/605.1.15,User logged out,corp.example.com,
2025-05-06T14:08:04.605361Z,U0071,password_change,success,10.118.3.202,Chrome/113.0,Password changed successfully,corp.example.com,
2025-05-06T10:36:04.605393Z,U0044,login,success,192.168.141.145,Chrome/113.0,Login attempt,corp.example.com,
2025-05-06T18:30:04.605421Z,U0053,password_change,failure,192.168.69.184,Mozilla/5.0,Password change failed,internal.example.org,Policy violation
2025-05-06T06:09:04.605449Z,U0052,login,failure,10.241.207.185,Safari/605.1.15,Login attempt,internal.example.org,Invalid password
2025-05-06T20:03:04.605475Z,U0006,login,success,10.212.97.91,Chrome/113.0,Login attempt,corp.example.com,
2025-05-06T18:46:04.605502Z,U0020,password_change,success,10.99.42.45,Safari/605.1.15,Password changed successfully,internal.example.org,
2025-05-07T03:20:04.605528Z,U0079,login,success,10.34.173.57,Chrome/113.0,Login attempt,corp.example.com,
2025-05-06T07:39:04.605554Z,U0095,password_change,failure,172.30.182.130,Mozilla/5.0,Password change failed,corp.example.com,Policy violation
2025-05-06T16:58:04.605587Z,U0044,login,success,192.168.16.23,Mozilla/5.0,Login attempt,corp.example.com,
2025-05-06T11:53:04.605626Z,U0058,login,failure,192.168.197.180,Mozilla/5.0,Login attempt,example.com,Invalid password
2025-05-07T00:15:04.605655Z,U0089,login,success,192.168.210.85,Mozilla/5.0,Login attempt,internal.example.org,
2025-05-06T17:47:04.605687Z,U0044,login,success,10.181.251.194,Safari/605.1.15,Login attempt,example.com,
2025-05-07T02:59:04.605728Z,U0006,logout,success,10.16.202.239,Mozilla/5.0,User logged out,corp.example.com,
2025-05-06T17:44:04.605769Z,U0069,logout,success,192.168.245.219,Mozilla/5.0,User logged out,corp.example.com,
2025-05-06T15:45:04.605810Z,U0031,password_change,success,192.168.101.56,Safari/605.1.15,Password changed successfully,internal.example.org,
2025-05-07T02:21:04.605854Z,U0073,password_change,success,192.168.103.231,Safari/605.1.15,Password changed successfully,internal.example.org,
2025-05-07T01:34:04.605903Z,U0031,password_change,success,192.168.17.214,Mozilla/5.0,Password changed successfully,example.com,
2025-05-06T18:38:04.605949Z,U0021,login,success,192.168.66.68,Edge/90.0,Login attempt,example.com,
2025-05-06T10:29:04.605992Z,U0079,login,success,172.21.118.30,Mozilla/5.0,Login attempt,example.com,
2025-05-07T03:04:04.606037Z,U0079,login,success,10.80.75.93,Safari/605.1.15,Login attempt,internal.example.org,
2025-05-06T11:34:04.606082Z,U0079,logout,success,172.21.104.40,Chrome/113.0,User logged out,corp.example.com,
2025-05-06T14:28:04.606126Z,U0048,login,success,172.18.109.158,Chrome/113.0,Login attempt,internal.example.org,
2025-05-06T23:22:04.606171Z,U0031,login,success,172.16.66.193,Mozilla/5.0,Login attempt,corp.example.com,
2025-05-06T16:52:04.606216Z,U0089,login,success,172.30.179.32,Edge/90.0,Login attempt,corp.example.com,
2025-05-06T22:59:04.606259Z,U0021,password_change,failure,192.168.233.4,Chrome/113.0,Password change failed,internal.example.org,Policy violation
2025-05-06T12:25:04.606305Z,U0007,password_change,success,172.26.108.14,Mozilla/5.0,Password changed successfully,example.com,
2025-05-06T13:16:04.606374Z,U0048,logout,success,172.22.68.187,Mozilla/5.0,User logged out,internal.example.org,
2025-05-06T05:14:04.606420Z,U0042,password_change,success,10.68.72.106,Edge/90.0,Password changed successfully,corp.example.com,
2025-05-06T16:43:04.606466Z,U0005,password_change,failure,10.88.123.86,Safari/605.1.15,Password change failed,corp.example.com,Policy violation
2025-05-06T13:01:04.606511Z,U0052,login,success,172.18.150.5,Mozilla/5.0,Login attempt,internal.example.org,
2025-05-06T12:31:04.606555Z,U0089,login,failure,10.9.7.32,Chrome/113.0,Login attempt,corp.example.com,Invalid password
2025-05-07T03:09:04.606598Z,U0069,password_change,success,10.67.209.33,Chrome/113.0,Password changed successfully,example.com,
2025-05-07T00:29:04.606642Z,U0011,login,failure,10.146.110.206,Chrome/113.0,Login attempt,example.com,Invalid password
2025-05-06T05:42:04.606686Z,U0042,login,success,192.168.91.101,Mozilla/5.0,Login attempt,example.com,
2025-05-06T17:11:04.606730Z,U0032,password_change,success,192.168.182.13,Safari/605.1.15,Password changed successfully,corp.example.com,
2025-05-06T20:23:04.606775Z,U0093,login,success,192.168.230.43,Safari/605.1.15,Login attempt,example.com,
2025-05-06T16:24:04.606818Z,U0096,login,failure,10.183.36.233,Safari/605.1.15,Login attempt,example.com,Invalid password
2025-05-06T20:10:04.606862Z,U0069,login,failure,192.168.59.94,Mozilla/5.0,Login attempt,example.com,Invalid password
2025-05-06T07:36:04.606907Z,U0021,password_change,success,10.234.67.12,Chrome/113.0,Password changed successfully,internal.example.org,
2025-05-06T07:45:04.606952Z,U0007,logout,success,10.55.251.247,Mozilla/5.0,User logged out,corp.example.com,
2025-05-06T19:22:04.606995Z,U0098,logout,success,192.168.150.57,Edge/90.0,User logged out,example.com,
2025-05-06T20:05:04.607040Z,U0052,login,success,10.246.12.96,Mozilla/5.0,Login attempt,example.com,
2025-05-06T12:53:04.607083Z,U0058,password_change,success,10.128.99.151,Mozilla/5.0,Password changed successfully,example.com,
2025-05-06T17:45:04.607146Z,U0005,password_change,success,192.168.73.29,Chrome/113.0,Password changed successfully,internal.example.org,
2025-05-06T13:33:04.607194Z,U0055,logout,success,172.17.39.138,Safari/605.1.15,User logged out,internal.example.org,
2025-05-06T12:41:04.607238Z,U0051,password_change,success,192.168.228.250,Edge/90.0,Password changed successfully,internal.example.org,
2025-05-06T22:45:04.607302Z,U0053,logout,success,172.30.210.217,Mozilla/5.0,User logged out,corp.example.com,
2025-05-06T21:26:04.607348Z,U0047,logout,success,192.168.22.36,Safari/605.1.15,User logged out,corp.example.com,
2025-05-06T11:50:04.607389Z,U0032,logout,failure,192.168.124.103,Mozilla/5.0,User logged out,example.com,
2025-05-06T14:49:04.607432Z,U0051,login,failure,172.27.34.128,Safari/605.1.15,Login attempt,corp.example.com,Invalid password
2025-05-07T04:43:04.607476Z,U0063,login,success,10.73.93.98,Chrome/113.0,Login attempt,example.com,
2025-05-06T23:37:04.607519Z,U0031,logout,success,172.17.223.243,Edge/90.0,User logged out,corp.example.com,
2025-05-06T10:24:04.607562Z,U0053,password_change,success,10.233.185.57,Safari/605.1.15,Password changed successfully,internal.example.org,
2025-05-06T17:36:04.607608Z,U0073,password_change,success,10.53.223.68,Safari/605.1.15,Password changed successfully,corp.example.com,
2025-05-07T01:56:04.607653Z,U0021,logout,success,172.21.140.195,Chrome/113.0,User logged out,internal.example.org,
2025-05-06T15:14:04.607697Z,U0051,logout,success,10.243.53.63,Chrome/113.0,User logged out,internal.example.org,
2025-05-07T02:02:04.607740Z,U0089,logout,success,192.168.13.59,Mozilla/5.0,User logged out,corp.example.com,
2025-05-06T21:19:04.607784Z,U0063,password_change,success,192.168.212.223,Safari/605.1.15,Password changed successfully,corp.example.com,
2025-05-06T14:29:04.607828Z,U0006,logout,success,192.168.184.34,Safari/605.1.15,User logged out,example.com,
2025-05-06T14:16:04.607871Z,U0089,logout,success,172.25.250.171,Edge/90.0,User logged out,internal.example.org,
2025-05-07T04:01:04.607917Z,U0007,password_change,success,172.29.8.179,Mozilla/5.0,Password changed successfully,corp.example.com,
2025-05-06T19:13:04.607961Z,U0095,logout,success,10.118.123.49,Edge/90.0,User logged out,example.com,
2025-05-06T20:55:04.608005Z,U0098,login,success,172.31.30.159,Edge/90.0,Login attempt,internal.example.org,
2025-05-06T10:15:04.608049Z,U0031,logout,success,172.23.218.139,Chrome/113.0,User logged out,internal.example.org,
2025-05-06T08:38:04.608217Z,U0098,logout,success,10.27.239.156,Edge/90.0,User logged out,example.com,
2025-05-06T20:45:04.608281Z,U0044,password_change,success,172.20.253.187,Safari/605.1.15,Password changed successfully,corp.example.com,
2025-05-06T07:21:04.608331Z,U0095,login,success,192.168.215.91,Edge/90.0,Login attempt,corp.example.com,
2025-05-06T10:49:04.608375Z,U0031,login,failure,172.28.118.95,Safari/605.1.15,Login attempt,example.com,Invalid password
2025-05-07T00:18:04.608420Z,U0045,logout,success,172.25.42.0,Edge/90.0,User logged out,example.com,
2025-05-06T15:12:04.608463Z,U0005,login,success,10.122.209.64,Mozilla/5.0,Login attempt,corp.example.com,
2025-05-06T22:40:04.608507Z,U0094,password_change,success,10.207.78.31,Chrome/113.0,Password changed successfully,corp.example.com,
2025-05-07T00:48:04.608552Z,U0093,logout,success,10.60.128.96,Edge/90.0,User logged out,example.com,
2025-05-06T21:47:04.608595Z,U0005,password_change,success,172.30.55.15,Mozilla/5.0,Password changed successfully,example.com,
2025-05-06T16:07:04.608639Z,U0006,password_change,success,10.43.93.151,Mozilla/5.0,Password changed successfully,internal.example.org,
2025-05-06T20:38:04.608684Z,U0005,login,success,172.16.87.122,Edge/90.0,Login attempt,example.com,
2025-05-06T19:10:04.608727Z,U0071,password_change,success,172.21.129.252,Safari/605.1.15,Password changed successfully,example.com,
2025-05-06T15:20:04.608771Z,U0098,logout,success,10.138.189.23,Chrome/113.0,User logged out,internal.example.org,
2025-05-06T08:54:04.608815Z,U0095,login,success,172.24.126.195,Chrome/113.0,Login attempt,example.com,
2025-05-06T20:46:04.608858Z,U0059,login,success,10.82.224.186,Chrome/113.0,Login attempt,corp.example.com,
2025-05-07T02:35:04.608900Z,U0011,login,failure,10.42.177.206,Safari/605.1.15,Login attempt,internal.example.org,Invalid password
2025-05-06T13:02:04.608945Z,U0059,password_change,success,172.25.168.91,Mozilla/5.0,Password changed successfully,example.com,
2025-05-06T15:08:04.608992Z,U0045,logout,failure,192.168.70.42,Edge/90.0,User logged out,internal.example.org,
2025-05-06T21:53:04.609036Z,U0071,password_change,success,192.168.213.70,Chrome/113.0,Password changed successfully,example.com,
2025-05-07T00:33:04.609081Z,U0096,logout,success,10.166.117.82,Chrome/113.0,User logged out,example.com,
2025-05-06T21:54:04.609124Z,U0098,logout,success,172.28.33.152,Mozilla/5.0,User logged out,internal.example.org,
