timestamp,container_id,container_name,action_type,user_id,command,image,status,exit_code,resource_usage,ip_address,reason
2025-05-01T05:15:44Z,72796c165a5a,auth-service,kill,U0054,bash,python:3.10,success,0,"{""cpu"":""0.2"",""mem"":""2GB""}",10.0.0.204,
2025-04-30T21:23:44Z,2be112859f9b,api-gateway,start,U0058,docker start,redis:7,failure,1,"{""cpu"":""1.6"",""mem"":""1GB""}",10.0.0.208,Container terminated forcefully
2025-05-03T03:58:44Z,19daa155362d,db-backend,kill,U0046,docker start,nginx:latest,success,0,"{""cpu"":""0.8"",""mem"":""256MB""}",10.0.0.223,
2025-05-06T13:29:44Z,c9c9bcdb6b03,auth-service,restart,U0042,docker start,alpine:latest,success,0,"{""cpu"":""0.3"",""mem"":""2GB""}",10.0.0.246,
2025-05-06T18:26:44Z,2de5972b8e56,auth-service,start,U0095,docker kill,nginx:latest,success,0,"{""cpu"":""0.6"",""mem"":""2GB""}",10.0.0.7,
2025-05-02T11:41:44Z,39e74fd412c3,db-backend,exec,U0058,docker kill,python:3.10,success,0,"{""cpu"":""0.1"",""mem"":""512MB""}",10.0.0.136,
2025-05-06T04:02:44Z,f9b1476842c1,db-backend,restart,U0095,bash,redis:7,success,0,"{""cpu"":""0.2"",""mem"":""256MB""}",10.0.0.177,
2025-05-06T13:36:44Z,ac00471d8a9b,db-backend,restart,U0073,bash,node:18,success,0,"{""cpu"":""1.3"",""mem"":""1GB""}",10.0.0.106,
2025-05-05T18:03:44Z,561d78ea71b7,api-gateway,kill,U0098,bash,redis:7,success,0,"{""cpu"":""0.1"",""mem"":""256MB""}",10.0.0.175,
2025-04-30T19:26:44Z,8473d6496f55,web-app,exec,U0098,docker start,nginx:latest,failure,255,"{""cpu"":""0.7"",""mem"":""1GB""}",10.0.0.161,Command failed
2025-05-04T10:18:44Z,de0567125a6d,db-backend,start,U0094,sh,node:18,success,0,"{""cpu"":""0.3"",""mem"":""256MB""}",10.0.0.77,
2025-05-06T07:08:44Z,6a7529949075,db-backend,stop,U0048,docker stop,nginx:latest,success,0,"{""cpu"":""0.1"",""mem"":""1GB""}",10.0.0.228,
2025-05-03T21:43:44Z,848ee62cc199,auth-service,restart,U0059,docker stop,python:3.10,success,0,"{""cpu"":""0.3"",""mem"":""2GB""}",10.0.0.94,
2025-05-01T03:33:44Z,d3533096beaf,cache,exec,U0069,docker stop,python:3.10,success,0,"{""cpu"":""1.5"",""mem"":""2GB""}",10.0.0.218,
2025-05-06T04:25:44Z,8ce06bf16548,web-app,stop,U0032,docker kill,redis:7,success,0,"{""cpu"":""1.3"",""mem"":""256MB""}",10.0.0.141,
2025-04-30T10:43:44Z,d04fb13045b3,auth-service,kill,U0096,docker stop,python:3.10,success,0,"{""cpu"":""1.3"",""mem"":""256MB""}",10.0.0.206,
2025-05-06T17:26:44Z,fc78e6ebefc5,web-app,restart,U0044,docker kill,nginx:latest,success,0,"{""cpu"":""1.8"",""mem"":""1GB""}",10.0.0.183,
2025-05-04T06:25:44Z,c8005bb71d57,auth-service,restart,U0071,docker kill,alpine:latest,failure,1,"{""cpu"":""1.9"",""mem"":""1GB""}",10.0.0.21,Command failed
2025-05-03T13:24:44Z,71d74f2db13d,db-backend,exec,U0086,docker stop,redis:7,success,0,"{""cpu"":""1.0"",""mem"":""256MB""}",10.0.0.116,
2025-05-03T06:23:44Z,5c4a8eb572c8,cache,start,U0046,docker stop,alpine:latest,success,0,"{""cpu"":""1.5"",""mem"":""1GB""}",10.0.0.93,
2025-04-30T07:02:44Z,b26fd3f7c118,db-backend,restart,U0006,bash,node:18,failure,137,"{""cpu"":""1.2"",""mem"":""256MB""}",10.0.0.67,Container terminated forcefully
2025-05-03T02:23:44Z,a7282254276e,web-app,restart,U0053,docker stop,redis:7,success,0,"{""cpu"":""1.7"",""mem"":""256MB""}",10.0.0.245,
2025-05-06T16:14:44Z,e0957cc7830b,cache,exec,U0095,docker stop,node:18,success,0,"{""cpu"":""1.1"",""mem"":""1GB""}",10.0.0.67,
2025-04-30T16:36:44Z,e6176318ee7e,api-gateway,stop,U0071,bash,python:3.10,success,0,"{""cpu"":""1.2"",""mem"":""1GB""}",10.0.0.88,
2025-04-30T07:15:44Z,6a35b0e07435,auth-service,start,U0011,sh,redis:7,success,0,"{""cpu"":""1.2"",""mem"":""1GB""}",10.0.0.7,
2025-05-02T04:43:44Z,19fdec93b137,cache,start,U0058,docker kill,nginx:latest,failure,255,"{""cpu"":""0.3"",""mem"":""256MB""}",10.0.0.69,Timeout error
2025-04-30T15:27:44Z,6e831b30abc7,web-app,stop,U0095,bash,node:18,failure,255,"{""cpu"":""1.1"",""mem"":""1GB""}",10.0.0.239,Command failed
2025-05-01T19:03:44Z,5ad52ce9ee8b,auth-service,start,U0011,docker stop,node:18,success,0,"{""cpu"":""0.4"",""mem"":""1GB""}",10.0.0.159,
2025-05-05T04:02:44Z,3f68416f8edf,auth-service,restart,U0031,docker start,redis:7,success,0,"{""cpu"":""1.6"",""mem"":""1GB""}",10.0.0.80,
2025-05-07T04:59:44Z,0119ac4dc384,api-gateway,start,U0031,bash,nginx:latest,success,0,"{""cpu"":""0.9"",""mem"":""256MB""}",10.0.0.78,
2025-05-02T12:14:44Z,5ed467bfeb93,web-app,kill,U0051,docker start,redis:7,success,0,"{""cpu"":""0.2"",""mem"":""512MB""}",10.0.0.185,
2025-05-05T15:06:44Z,51cb69cf21fe,web-app,kill,U0021,bash,python:3.10,success,0,"{""cpu"":""0.8"",""mem"":""512MB""}",10.0.0.11,
2025-05-03T12:45:44Z,9707cf01e5fc,api-gateway,kill,U0058,sh,nginx:latest,failure,255,"{""cpu"":""1.3"",""mem"":""256MB""}",10.0.0.168,Container terminated forcefully
2025-05-01T05:15:44Z,a93bba475bd4,cache,stop,U0073,sh,node:18,success,0,"{""cpu"":""1.5"",""mem"":""256MB""}",10.0.0.115,
2025-05-05T16:56:44Z,c5b27593c6c9,auth-service,kill,U0051,docker stop,node:18,success,0,"{""cpu"":""0.3"",""mem"":""2GB""}",10.0.0.91,
2025-05-05T05:27:44Z,cddcd55a2760,cache,exec,U0073,docker kill,nginx:latest,failure,137,"{""cpu"":""0.6"",""mem"":""256MB""}",10.0.0.210,Container terminated forcefully
2025-05-05T16:43:44Z,3e32976b8080,db-backend,kill,U0052,docker start,nginx:latest,failure,1,"{""cpu"":""1.7"",""mem"":""256MB""}",10.0.0.211,Command failed
2025-05-05T12:29:44Z,edebfa9e2ac7,api-gateway,start,U0063,docker start,nginx:latest,success,0,"{""cpu"":""1.2"",""mem"":""1GB""}",10.0.0.62,
2025-05-04T18:23:44Z,37a83bfebe7b,db-backend,stop,U0053,bash,node:18,success,0,"{""cpu"":""0.4"",""mem"":""512MB""}",10.0.0.235,
2025-05-04T11:37:44Z,e859826775bf,api-gateway,restart,U0011,docker start,alpine:latest,success,0,"{""cpu"":""1.4"",""mem"":""512MB""}",10.0.0.92,
2025-05-06T01:53:44Z,932d5b13e8c4,api-gateway,kill,U0095,docker start,redis:7,success,0,"{""cpu"":""0.3"",""mem"":""512MB""}",10.0.0.92,
2025-05-05T11:03:44Z,497c3f9821ca,web-app,kill,U0048,sh,alpine:latest,success,0,"{""cpu"":""0.7"",""mem"":""512MB""}",10.0.0.30,
2025-05-06T21:37:44Z,bf6f010cf09e,db-backend,exec,U0058,docker stop,nginx:latest,success,0,"{""cpu"":""0.8"",""mem"":""512MB""}",10.0.0.196,
2025-04-30T07:38:44Z,c70bf06585bf,auth-service,stop,U0089,docker stop,node:18,success,0,"{""cpu"":""0.2"",""mem"":""256MB""}",10.0.0.4,
2025-05-02T21:38:44Z,34308f4db5af,db-backend,restart,U0073,bash,nginx:latest,success,0,"{""cpu"":""0.7"",""mem"":""2GB""}",10.0.0.140,
2025-05-01T05:27:44Z,ecdff950cfd0,cache,restart,U0096,docker stop,node:18,success,0,"{""cpu"":""0.1"",""mem"":""2GB""}",10.0.0.139,
2025-05-01T01:01:44Z,fefa54ba5720,auth-service,start,U0058,docker stop,nginx:latest,success,0,"{""cpu"":""1.0"",""mem"":""256MB""}",10.0.0.47,
2025-04-30T07:33:44Z,0e18033fa05f,web-app,exec,U0054,bash,alpine:latest,success,0,"{""cpu"":""0.1"",""mem"":""512MB""}",10.0.0.148,
2025-05-03T06:13:44Z,e764e8c71038,auth-service,start,U0051,bash,alpine:latest,success,0,"{""cpu"":""1.6"",""mem"":""2GB""}",10.0.0.111,
2025-05-07T04:02:44Z,6eeb5ff30eb9,cache,stop,U0031,bash,nginx:latest,failure,137,"{""cpu"":""1.3"",""mem"":""512MB""}",10.0.0.248,Container terminated forcefully
2025-04-30T22:47:44Z,7468768dc525,db-backend,restart,U0053,docker stop,alpine:latest,success,0,"{""cpu"":""1.5"",""mem"":""512MB""}",10.0.0.46,
2025-05-01T04:05:44Z,d9b0e900634f,api-gateway,exec,U0069,docker start,node:18,failure,1,"{""cpu"":""1.9"",""mem"":""512MB""}",10.0.0.162,Container terminated forcefully
2025-05-05T08:18:44Z,a5f2a1ebf4f5,cache,start,U0096,docker stop,node:18,success,0,"{""cpu"":""0.9"",""mem"":""1GB""}",10.0.0.245,
2025-05-06T19:02:44Z,19bc12d103eb,db-backend,start,U0007,docker kill,redis:7,success,0,"{""cpu"":""1.9"",""mem"":""256MB""}",10.0.0.22,
2025-05-04T18:59:44Z,689302007314,db-backend,restart,U0069,bash,node:18,success,0,"{""cpu"":""1.9"",""mem"":""1GB""}",10.0.0.212,
2025-05-04T04:50:44Z,836847ed8f1e,auth-service,restart,U0048,docker start,node:18,failure,137,"{""cpu"":""1.8"",""mem"":""2GB""}",10.0.0.166,Timeout error
2025-05-06T23:04:44Z,594a7b572fb4,auth-service,stop,U0006,docker start,python:3.10,success,0,"{""cpu"":""0.3"",""mem"":""512MB""}",10.0.0.21,
2025-05-04T01:15:44Z,dde859acc757,db-backend,start,U0032,sh,nginx:latest,success,0,"{""cpu"":""1.8"",""mem"":""512MB""}",10.0.0.80,
2025-05-02T01:38:44Z,fe5ec5aadb5b,cache,exec,U0096,docker kill,python:3.10,success,0,"{""cpu"":""0.8"",""mem"":""1GB""}",10.0.0.231,
2025-05-06T04:15:44Z,03367da2448b,cache,restart,U0007,bash,python:3.10,success,0,"{""cpu"":""1.8"",""mem"":""2GB""}",10.0.0.249,
2025-05-05T20:45:44Z,df0f9fcb9967,web-app,kill,U0054,bash,node:18,success,0,"{""cpu"":""0.9"",""mem"":""1GB""}",10.0.0.166,
2025-05-05T00:40:44Z,874137d2e939,db-backend,stop,U0094,bash,node:18,success,0,"{""cpu"":""0.7"",""mem"":""1GB""}",10.0.0.66,
2025-05-06T07:36:44Z,0b47d2e1c2b8,db-backend,stop,U0071,docker start,redis:7,success,0,"{""cpu"":""1.3"",""mem"":""512MB""}",10.0.0.139,
2025-05-06T00:16:44Z,c43cbfdeafd2,api-gateway,start,U0007,docker kill,nginx:latest,success,0,"{""cpu"":""0.8"",""mem"":""1GB""}",10.0.0.227,
2025-05-01T16:17:44Z,9857893177d1,auth-service,restart,U0020,sh,redis:7,success,0,"{""cpu"":""1.3"",""mem"":""256MB""}",10.0.0.94,
2025-05-01T16:27:44Z,bba1ee53b9e6,db-backend,exec,U0071,docker stop,python:3.10,success,0,"{""cpu"":""1.4"",""mem"":""2GB""}",10.0.0.208,
2025-05-01T01:42:44Z,b975c11110ff,cache,stop,U0032,sh,python:3.10,success,0,"{""cpu"":""0.4"",""mem"":""1GB""}",10.0.0.219,
2025-05-06T12:14:44Z,1f7222b1bd46,api-gateway,start,U0089,docker start,alpine:latest,success,0,"{""cpu"":""1.7"",""mem"":""1GB""}",10.0.0.191,
2025-05-04T11:35:44Z,53593d7b03fa,db-backend,restart,U0021,docker start,node:18,success,0,"{""cpu"":""1.5"",""mem"":""512MB""}",10.0.0.37,
2025-04-30T08:55:44Z,c578d490a5b3,cache,start,U0089,sh,redis:7,failure,137,"{""cpu"":""1.4"",""mem"":""1GB""}",10.0.0.198,Command failed
2025-05-03T21:47:44Z,305a3a29dcb9,db-backend,kill,U0020,docker start,python:3.10,success,0,"{""cpu"":""1.8"",""mem"":""256MB""}",10.0.0.186,
2025-05-06T02:49:44Z,8e6f0627c22f,db-backend,kill,U0046,docker kill,redis:7,success,0,"{""cpu"":""0.9"",""mem"":""1GB""}",10.0.0.1,
2025-04-30T16:03:44Z,2f9d0e04b616,cache,start,U0053,docker start,redis:7,failure,255,"{""cpu"":""0.7"",""mem"":""2GB""}",10.0.0.48,Command failed
2025-05-06T12:13:44Z,00d0c039528b,cache,stop,U0059,sh,nginx:latest,success,0,"{""cpu"":""1.3"",""mem"":""512MB""}",10.0.0.4,
2025-05-02T15:36:44Z,3adf894572d6,db-backend,start,U0007,docker stop,alpine:latest,success,0,"{""cpu"":""1.7"",""mem"":""512MB""}",10.0.0.48,
2025-05-05T14:58:44Z,effca216bd7c,cache,exec,U0089,sh,python:3.10,success,0,"{""cpu"":""0.7"",""mem"":""256MB""}",10.0.0.125,
2025-05-01T16:15:44Z,50089f9b8942,api-gateway,exec,U0086,docker stop,node:18,success,0,"{""cpu"":""1.4"",""mem"":""512MB""}",10.0.0.32,
2025-04-30T12:29:44Z,e01dec3e1a8f,api-gateway,start,U0048,docker kill,alpine:latest,failure,1,"{""cpu"":""1.8"",""mem"":""256MB""}",10.0.0.163,Command failed
2025-05-03T07:53:44Z,de1f78bf3d67,api-gateway,kill,U0031,docker start,redis:7,success,0,"{""cpu"":""1.6"",""mem"":""256MB""}",10.0.0.77,
2025-05-01T02:17:44Z,81bc2ee1efa0,auth-service,kill,U0093,docker start,alpine:latest,success,0,"{""cpu"":""1.7"",""mem"":""512MB""}",10.0.0.96,
2025-05-03T16:15:44Z,8aacc07d513c,auth-service,stop,U0048,docker start,alpine:latest,success,0,"{""cpu"":""2.0"",""mem"":""1GB""}",10.0.0.75,
2025-05-02T03:16:44Z,cc9e3fb25206,web-app,start,U0006,docker kill,python:3.10,success,0,"{""cpu"":""0.6"",""mem"":""256MB""}",10.0.0.97,
2025-05-02T18:09:44Z,aa98d8ef72d6,api-gateway,restart,U0005,bash,nginx:latest,failure,137,"{""cpu"":""1.0"",""mem"":""1GB""}",10.0.0.89,Command failed
2025-05-04T07:45:44Z,9f4149240f04,auth-service,stop,U0042,docker stop,alpine:latest,success,0,"{""cpu"":""0.4"",""mem"":""256MB""}",10.0.0.119,
2025-05-02T10:49:44Z,809ebc680a2f,api-gateway,restart,U0020,sh,nginx:latest,failure,137,"{""cpu"":""0.5"",""mem"":""2GB""}",10.0.0.147,Command failed
2025-05-02T21:03:44Z,8053c6cf5c4a,auth-service,stop,U0044,docker start,nginx:latest,success,0,"{""cpu"":""1.4"",""mem"":""1GB""}",10.0.0.50,
2025-05-03T08:30:44Z,12a2e55b1896,auth-service,kill,U0021,docker start,redis:7,success,0,"{""cpu"":""1.9"",""mem"":""256MB""}",10.0.0.86,
2025-05-04T02:39:44Z,418eb2452e43,web-app,stop,U0096,docker stop,node:18,success,0,"{""cpu"":""0.3"",""mem"":""1GB""}",10.0.0.84,
2025-04-30T09:52:44Z,250ee28e8c71,cache,start,U0011,sh,node:18,failure,255,"{""cpu"":""1.1"",""mem"":""2GB""}",10.0.0.199,Container terminated forcefully
2025-05-06T22:23:44Z,ffccc133989c,api-gateway,kill,U0020,docker stop,alpine:latest,failure,255,"{""cpu"":""1.9"",""mem"":""1GB""}",10.0.0.25,Timeout error
2025-05-06T02:10:44Z,74eb3d475a0e,auth-service,stop,U0071,sh,python:3.10,success,0,"{""cpu"":""0.2"",""mem"":""1GB""}",10.0.0.232,
2025-05-01T14:20:44Z,afefc55afec9,auth-service,start,U0020,docker kill,node:18,success,0,"{""cpu"":""0.1"",""mem"":""512MB""}",10.0.0.140,
2025-05-05T12:15:44Z,d39e0307e7c9,api-gateway,start,U0054,docker stop,python:3.10,success,0,"{""cpu"":""1.3"",""mem"":""1GB""}",10.0.0.106,
2025-05-04T08:57:44Z,5fc997550455,db-backend,start,U0063,bash,redis:7,success,0,"{""cpu"":""1.7"",""mem"":""256MB""}",10.0.0.21,
2025-04-30T09:19:44Z,3491513e369a,auth-service,start,U0069,bash,redis:7,success,0,"{""cpu"":""1.4"",""mem"":""512MB""}",10.0.0.28,
2025-05-01T15:54:44Z,73e49a87abff,api-gateway,restart,U0071,bash,redis:7,success,0,"{""cpu"":""1.5"",""mem"":""256MB""}",10.0.0.70,
2025-05-04T09:15:44Z,094470899ca1,api-gateway,stop,U0096,bash,python:3.10,success,0,"{""cpu"":""0.6"",""mem"":""256MB""}",10.0.0.25,
2025-05-01T03:33:44Z,62a430312dbd,api-gateway,stop,U0031,docker kill,alpine:latest,success,0,"{""cpu"":""1.6"",""mem"":""512MB""}",10.0.0.131,
2025-05-01T07:49:44Z,e8d8a57ad9e5,web-app,start,U0006,docker stop,node:18,failure,1,"{""cpu"":""1.2"",""mem"":""1GB""}",10.0.0.38,Timeout error
2025-05-06T15:39:44Z,179cc947ad1d,api-gateway,restart,U0005,docker start,redis:7,success,0,"{""cpu"":""1.9"",""mem"":""512MB""}",10.0.0.226,
2025-05-01T03:57:44Z,2382b194e972,cache,restart,U0045,bash,node:18,success,0,"{""cpu"":""0.9"",""mem"":""256MB""}",10.0.0.144,
2025-05-05T11:31:44Z,f9cda187d91a,db-backend,exec,U0006,docker kill,node:18,success,0,"{""cpu"":""0.9"",""mem"":""256MB""}",10.0.0.199,
2025-05-02T00:47:44Z,fe2bf8bf4ebd,auth-service,start,U0050,docker stop,redis:7,success,0,"{""cpu"":""1.8"",""mem"":""2GB""}",10.0.0.151,
2025-05-04T14:57:44Z,0032920b251c,cache,stop,U0096,sh,nginx:latest,success,0,"{""cpu"":""0.6"",""mem"":""512MB""}",10.0.0.1,
2025-05-05T15:15:44Z,e7086e5c971e,auth-service,start,U0046,docker kill,python:3.10,success,0,"{""cpu"":""0.9"",""mem"":""1GB""}",10.0.0.2,
2025-05-03T20:14:44Z,e5cecc36c988,web-app,exec,U0011,sh,node:18,success,0,"{""cpu"":""1.4"",""mem"":""256MB""}",10.0.0.73,
2025-05-03T00:17:44Z,a366cdef3af7,cache,stop,U0052,bash,nginx:latest,failure,1,"{""cpu"":""1.5"",""mem"":""1GB""}",10.0.0.216,Command failed
2025-05-06T22:54:44Z,64c8e574e5e6,cache,exec,U0005,docker start,alpine:latest,success,0,"{""cpu"":""0.2"",""mem"":""256MB""}",10.0.0.199,
2025-05-04T07:17:44Z,d04edb0b9e15,api-gateway,start,U0071,docker kill,alpine:latest,success,0,"{""cpu"":""1.6"",""mem"":""512MB""}",10.0.0.245,
2025-05-01T20:06:44Z,a30604e76ee1,cache,restart,U0007,docker kill,redis:7,success,0,"{""cpu"":""1.5"",""mem"":""256MB""}",10.0.0.96,
2025-05-01T12:12:44Z,5ae01df0d89d,api-gateway,start,U0093,bash,python:3.10,success,0,"{""cpu"":""0.3"",""mem"":""256MB""}",10.0.0.108,
2025-05-05T20:02:44Z,c7f0d59271d1,db-backend,kill,U0007,sh,alpine:latest,success,0,"{""cpu"":""1.5"",""mem"":""2GB""}",10.0.0.77,
2025-05-06T12:50:44Z,23c4fa5daebd,db-backend,kill,U0086,docker kill,python:3.10,success,0,"{""cpu"":""0.6"",""mem"":""1GB""}",10.0.0.55,
2025-05-04T07:51:44Z,1fbcf0b8ab14,db-backend,restart,U0096,sh,redis:7,failure,255,"{""cpu"":""1.9"",""mem"":""1GB""}",10.0.0.246,Command failed
2025-05-03T09:26:44Z,782ce92a3b05,api-gateway,start,U0051,docker start,python:3.10,success,0,"{""cpu"":""1.0"",""mem"":""1GB""}",10.0.0.70,
2025-05-05T14:50:44Z,a7243026eb80,db-backend,start,U0052,docker kill,redis:7,success,0,"{""cpu"":""0.7"",""mem"":""256MB""}",10.0.0.230,
2025-05-05T06:50:44Z,1db35998a111,auth-service,exec,U0046,bash,node:18,failure,1,"{""cpu"":""0.5"",""mem"":""256MB""}",10.0.0.199,Command failed
2025-04-30T09:20:44Z,32c8222fb3fa,web-app,exec,U0086,docker start,nginx:latest,success,0,"{""cpu"":""1.8"",""mem"":""1GB""}",10.0.0.184,
2025-05-04T19:20:44Z,7b0c93be7bd7,cache,stop,U0052,bash,redis:7,success,0,"{""cpu"":""0.8"",""mem"":""512MB""}",10.0.0.211,
2025-05-02T19:56:44Z,b4936203130d,db-backend,stop,U0063,bash,redis:7,success,0,"{""cpu"":""1.3"",""mem"":""512MB""}",10.0.0.38,
2025-05-05T02:55:44Z,9b3db7a8ae7d,web-app,kill,U0073,docker start,node:18,success,0,"{""cpu"":""0.8"",""mem"":""2GB""}",10.0.0.248,
2025-05-02T19:24:44Z,c55e4d6f1f0f,web-app,kill,U0058,sh,redis:7,success,0,"{""cpu"":""1.1"",""mem"":""256MB""}",10.0.0.11,
2025-05-06T01:40:44Z,95b21e8634ff,db-backend,stop,U0093,docker start,node:18,failure,255,"{""cpu"":""0.8"",""mem"":""256MB""}",10.0.0.142,Command failed
2025-05-02T21:41:44Z,13ca8391ee93,cache,start,U0058,docker start,alpine:latest,success,0,"{""cpu"":""2.0"",""mem"":""2GB""}",10.0.0.131,
2025-05-05T14:33:44Z,b97675ccfa26,db-backend,start,U0098,docker start,node:18,success,0,"{""cpu"":""0.3"",""mem"":""512MB""}",10.0.0.73,
2025-05-01T11:29:44Z,83176ebf1672,cache,restart,U0006,docker stop,node:18,success,0,"{""cpu"":""0.5"",""mem"":""256MB""}",10.0.0.178,
2025-05-02T08:20:44Z,89f98bb5b30e,auth-service,exec,U0086,docker kill,nginx:latest,success,0,"{""cpu"":""1.1"",""mem"":""2GB""}",10.0.0.131,
2025-05-03T00:01:44Z,423df43f80e3,web-app,stop,U0071,sh,alpine:latest,success,0,"{""cpu"":""0.2"",""mem"":""2GB""}",10.0.0.212,
2025-05-02T14:22:44Z,c8db76fb0a84,api-gateway,start,U0045,sh,python:3.10,success,0,"{""cpu"":""1.6"",""mem"":""256MB""}",10.0.0.148,
2025-05-07T02:32:44Z,2f795dfe8a1c,db-backend,exec,U0001,bash,nginx:latest,success,0,"{""cpu"":""1.4"",""mem"":""256MB""}",10.0.0.241,
2025-05-05T17:31:44Z,0bbd11b70dd7,auth-service,stop,U0050,docker kill,redis:7,success,0,"{""cpu"":""1.7"",""mem"":""2GB""}",10.0.0.201,
2025-05-03T20:14:44Z,eac83c844347,auth-service,kill,U0098,sh,alpine:latest,success,0,"{""cpu"":""1.6"",""mem"":""512MB""}",10.0.0.35,
2025-04-30T18:58:44Z,f539fb9b2db3,db-backend,restart,U0054,sh,python:3.10,failure,1,"{""cpu"":""0.7"",""mem"":""2GB""}",10.0.0.175,Command failed
2025-05-05T17:50:44Z,01e49ade9973,api-gateway,start,U0048,docker kill,redis:7,success,0,"{""cpu"":""0.7"",""mem"":""256MB""}",10.0.0.68,
2025-05-02T15:09:44Z,d5f14e7df2be,cache,kill,U0054,sh,node:18,success,0,"{""cpu"":""0.9"",""mem"":""256MB""}",10.0.0.249,
2025-05-05T00:58:44Z,ba597382ce61,cache,restart,U0059,bash,python:3.10,success,0,"{""cpu"":""0.4"",""mem"":""512MB""}",10.0.0.8,
2025-05-03T15:00:44Z,e79954ea6890,auth-service,start,U0079,docker stop,redis:7,success,0,"{""cpu"":""1.3"",""mem"":""2GB""}",10.0.0.128,
2025-05-01T23:55:44Z,8dc4020889a5,db-backend,restart,U0096,docker kill,alpine:latest,success,0,"{""cpu"":""0.2"",""mem"":""512MB""}",10.0.0.72,
2025-05-05T05:47:44Z,7742cdadf6b4,web-app,exec,U0050,docker kill,alpine:latest,success,0,"{""cpu"":""0.4"",""mem"":""512MB""}",10.0.0.123,
2025-04-30T21:40:44Z,5cf2f9dce16e,auth-service,stop,U0001,docker stop,redis:7,success,0,"{""cpu"":""0.3"",""mem"":""1GB""}",10.0.0.173,
2025-05-01T10:19:44Z,d3c8135a4365,web-app,stop,U0044,sh,python:3.10,success,0,"{""cpu"":""0.3"",""mem"":""2GB""}",10.0.0.23,
2025-05-01T05:03:44Z,71ac9d5cfdba,web-app,restart,U0053,docker kill,python:3.10,failure,137,"{""cpu"":""1.9"",""mem"":""1GB""}",10.0.0.115,Command failed
2025-05-04T11:31:44Z,5c3381464bb7,auth-service,restart,U0001,docker stop,redis:7,failure,255,"{""cpu"":""1.9"",""mem"":""1GB""}",10.0.0.79,Command failed
2025-05-03T22:04:44Z,29d926914396,web-app,start,U0098,docker stop,node:18,success,0,"{""cpu"":""1.6"",""mem"":""512MB""}",10.0.0.185,
2025-05-04T01:07:44Z,204636023a9b,db-backend,kill,U0007,sh,nginx:latest,failure,137,"{""cpu"":""1.2"",""mem"":""2GB""}",10.0.0.210,Container terminated forcefully
2025-05-02T00:42:44Z,89b858b20ebb,web-app,kill,U0058,sh,nginx:latest,success,0,"{""cpu"":""0.6"",""mem"":""256MB""}",10.0.0.173,
2025-05-01T04:05:44Z,dd62978eba5a,web-app,exec,U0042,sh,redis:7,success,0,"{""cpu"":""1.9"",""mem"":""512MB""}",10.0.0.68,
2025-04-30T12:38:44Z,e482f80ea77f,auth-service,exec,U0095,docker kill,node:18,success,0,"{""cpu"":""1.2"",""mem"":""256MB""}",10.0.0.22,
2025-05-01T05:54:44Z,027948392982,api-gateway,exec,U0011,bash,redis:7,success,0,"{""cpu"":""0.7"",""mem"":""512MB""}",10.0.0.90,
2025-05-03T07:57:44Z,7e3ee491df05,db-backend,start,U0050,bash,python:3.10,success,0,"{""cpu"":""0.8"",""mem"":""2GB""}",10.0.0.151,
2025-05-06T17:37:44Z,1c3cad164504,web-app,start,U0079,docker start,nginx:latest,success,0,"{""cpu"":""1.6"",""mem"":""2GB""}",10.0.0.218,
2025-05-03T23:22:44Z,d57ff766ae30,db-backend,start,U0054,docker kill,python:3.10,success,0,"{""cpu"":""0.9"",""mem"":""1GB""}",10.0.0.210,
2025-05-02T10:56:44Z,bd137c3c1a34,api-gateway,exec,U0045,docker stop,redis:7,success,0,"{""cpu"":""1.7"",""mem"":""256MB""}",10.0.0.235,
2025-05-05T10:59:44Z,60c7047d837d,web-app,exec,U0032,docker stop,alpine:latest,failure,137,"{""cpu"":""0.2"",""mem"":""1GB""}",10.0.0.48,Timeout error
2025-05-02T03:50:44Z,4082b8f1f0bd,api-gateway,kill,U0052,docker stop,alpine:latest,success,0,"{""cpu"":""1.2"",""mem"":""256MB""}",10.0.0.165,
2025-04-30T14:35:44Z,2a7c0c30476a,db-backend,restart,U0001,docker start,redis:7,success,0,"{""cpu"":""1.5"",""mem"":""256MB""}",10.0.0.165,
2025-05-01T13:29:44Z,5fb62e6ba611,web-app,start,U0001,docker stop,alpine:latest,failure,137,"{""cpu"":""0.1"",""mem"":""512MB""}",10.0.0.122,Timeout error
2025-05-04T10:51:44Z,964cb8484d8b,cache,exec,U0071,bash,nginx:latest,success,0,"{""cpu"":""0.9"",""mem"":""1GB""}",10.0.0.134,
2025-05-02T17:35:44Z,32ecf725cb2b,api-gateway,exec,U0001,bash,nginx:latest,success,0,"{""cpu"":""1.0"",""mem"":""2GB""}",10.0.0.192,
2025-05-06T06:46:44Z,d82c1a649ba7,cache,exec,U0011,docker start,alpine:latest,success,0,"{""cpu"":""1.1"",""mem"":""1GB""}",10.0.0.193,
2025-05-05T17:22:44Z,8e0b9e1ec18f,api-gateway,stop,U0095,docker start,redis:7,success,0,"{""cpu"":""0.9"",""mem"":""1GB""}",10.0.0.76,
2025-05-05T16:53:44Z,bfe2ef1fe041,auth-service,restart,U0047,docker stop,python:3.10,failure,137,"{""cpu"":""1.0"",""mem"":""512MB""}",10.0.0.122,Command failed
2025-05-06T18:16:44Z,f7c4d2116d5e,db-backend,exec,U0046,docker stop,nginx:latest,success,0,"{""cpu"":""0.3"",""mem"":""2GB""}",10.0.0.47,
2025-05-05T12:50:44Z,b2585109658c,db-backend,stop,U0042,docker kill,redis:7,success,0,"{""cpu"":""1.2"",""mem"":""256MB""}",10.0.0.145,
2025-04-30T21:24:44Z,b5d7b864aedd,api-gateway,stop,U0098,sh,alpine:latest,success,0,"{""cpu"":""1.9"",""mem"":""256MB""}",10.0.0.108,
2025-05-05T08:29:44Z,c945c0e27740,web-app,restart,U0093,docker kill,nginx:latest,success,0,"{""cpu"":""1.9"",""mem"":""512MB""}",10.0.0.8,
2025-04-30T15:56:44Z,7972d70da556,db-backend,kill,U0007,bash,python:3.10,success,0,"{""cpu"":""1.6"",""mem"":""512MB""}",10.0.0.143,
2025-05-01T07:29:44Z,85bd385cf358,api-gateway,stop,U0095,docker stop,node:18,success,0,"{""cpu"":""1.0"",""mem"":""256MB""}",10.0.0.45,
2025-05-03T05:31:44Z,558e2234846d,db-backend,stop,U0058,docker stop,alpine:latest,success,0,"{""cpu"":""1.3"",""mem"":""512MB""}",10.0.0.164,
2025-05-06T13:13:44Z,cfb2e2623f44,db-backend,stop,U0044,docker kill,node:18,success,0,"{""cpu"":""0.6"",""mem"":""512MB""}",10.0.0.99,
2025-05-01T13:55:44Z,32efbefe5f51,auth-service,kill,U0094,docker kill,redis:7,success,0,"{""cpu"":""0.9"",""mem"":""2GB""}",10.0.0.243,
2025-05-04T20:47:44Z,568db49135bb,auth-service,restart,U0021,docker kill,nginx:latest,success,0,"{""cpu"":""1.1"",""mem"":""256MB""}",10.0.0.199,
2025-04-30T17:05:44Z,784abc9a6cde,db-backend,restart,U0006,docker start,nginx:latest,success,0,"{""cpu"":""1.6"",""mem"":""2GB""}",10.0.0.254,
2025-04-30T11:44:44Z,d28d78f64cce,web-app,stop,U0055,docker kill,python:3.10,success,0,"{""cpu"":""1.4"",""mem"":""256MB""}",10.0.0.90,
2025-05-05T22:22:44Z,cc692b71dd66,cache,start,U0059,docker kill,alpine:latest,success,0,"{""cpu"":""1.2"",""mem"":""256MB""}",10.0.0.87,
2025-05-05T08:59:44Z,5ceff9657ad0,db-backend,restart,U0089,sh,nginx:latest,success,0,"{""cpu"":""2.0"",""mem"":""512MB""}",10.0.0.244,
2025-05-04T23:56:44Z,667d367863b3,db-backend,restart,U0063,docker start,node:18,failure,137,"{""cpu"":""1.9"",""mem"":""1GB""}",10.0.0.138,Container terminated forcefully
2025-04-30T21:36:44Z,a6bfa864b200,api-gateway,kill,U0071,sh,redis:7,success,0,"{""cpu"":""0.4"",""mem"":""256MB""}",10.0.0.203,
2025-05-05T08:15:44Z,b0c61fd199e7,auth-service,kill,U0007,docker kill,alpine:latest,failure,1,"{""cpu"":""0.5"",""mem"":""1GB""}",10.0.0.43,Timeout error
2025-05-03T07:58:44Z,4fc0569a0b92,web-app,start,U0089,bash,python:3.10,failure,1,"{""cpu"":""0.8"",""mem"":""512MB""}",10.0.0.195,Container terminated forcefully
2025-05-02T23:08:44Z,63d52ad7d053,api-gateway,start,U0063,docker start,redis:7,success,0,"{""cpu"":""1.9"",""mem"":""1GB""}",10.0.0.112,
2025-05-04T06:27:44Z,ef7b4788e6d0,auth-service,kill,U0052,bash,python:3.10,success,0,"{""cpu"":""0.4"",""mem"":""1GB""}",10.0.0.40,
2025-05-04T03:22:44Z,75d01eb5faa6,api-gateway,kill,U0045,bash,python:3.10,success,0,"{""cpu"":""0.6"",""mem"":""2GB""}",10.0.0.26,
2025-04-30T18:57:44Z,ed0ec695705a,db-backend,stop,U0073,bash,python:3.10,success,0,"{""cpu"":""0.7"",""mem"":""512MB""}",10.0.0.233,
2025-05-02T18:08:44Z,0aed583fc056,auth-service,restart,U0098,sh,alpine:latest,success,0,"{""cpu"":""0.4"",""mem"":""2GB""}",10.0.0.72,
2025-04-30T13:48:44Z,345bdad92187,db-backend,restart,U0001,sh,node:18,success,0,"{""cpu"":""0.9"",""mem"":""1GB""}",10.0.0.2,
2025-05-06T12:27:44Z,3bc81f890c4d,db-backend,kill,U0079,docker stop,node:18,success,0,"{""cpu"":""0.6"",""mem"":""1GB""}",10.0.0.54,
2025-05-03T01:02:44Z,ece4b29d0e16,db-backend,exec,U0071,sh,nginx:latest,failure,1,"{""cpu"":""1.5"",""mem"":""256MB""}",10.0.0.141,Command failed
2025-05-02T20:27:44Z,f31011941a67,api-gateway,kill,U0086,docker start,alpine:latest,success,0,"{""cpu"":""1.9"",""mem"":""2GB""}",10.0.0.109,
2025-05-05T06:24:44Z,cbd4deecb4ff,auth-service,restart,U0020,bash,alpine:latest,success,0,"{""cpu"":""0.8"",""mem"":""1GB""}",10.0.0.193,
2025-05-06T21:35:44Z,5edeafd181cd,api-gateway,start,U0021,docker stop,python:3.10,success,0,"{""cpu"":""1.4"",""mem"":""2GB""}",10.0.0.197,
2025-04-30T19:12:44Z,8f85bdfe71f4,web-app,exec,U0095,bash,nginx:latest,success,0,"{""cpu"":""1.6"",""mem"":""256MB""}",10.0.0.144,
2025-05-02T08:02:44Z,e7f6669e124a,db-backend,stop,U0086,sh,redis:7,success,0,"{""cpu"":""0.6"",""mem"":""1GB""}",10.0.0.234,
2025-05-05T05:50:44Z,044523f521ee,auth-service,exec,U0052,docker start,node:18,success,0,"{""cpu"":""1.6"",""mem"":""512MB""}",10.0.0.109,
2025-05-06T19:02:44Z,962151c4f9e6,cache,exec,U0045,docker stop,nginx:latest,success,0,"{""cpu"":""1.6"",""mem"":""256MB""}",10.0.0.92,
2025-05-03T06:39:44Z,672eeff24779,cache,start,U0054,bash,alpine:latest,success,0,"{""cpu"":""0.1"",""mem"":""1GB""}",10.0.0.188,
2025-05-06T16:03:44Z,c16378118deb,web-app,exec,U0046,bash,nginx:latest,success,0,"{""cpu"":""1.7"",""mem"":""2GB""}",10.0.0.106,
2025-05-02T17:30:44Z,61f32859ab10,db-backend,start,U0069,bash,alpine:latest,success,0,"{""cpu"":""1.4"",""mem"":""256MB""}",10.0.0.62,
2025-05-06T11:28:44Z,492fd1a94a30,api-gateway,start,U0098,docker kill,node:18,success,0,"{""cpu"":""0.4"",""mem"":""1GB""}",10.0.0.43,
2025-05-05T13:42:44Z,bedef8a77c43,cache,restart,U0050,bash,redis:7,success,0,"{""cpu"":""1.2"",""mem"":""512MB""}",10.0.0.229,
2025-05-01T17:27:44Z,140cc6f28472,api-gateway,restart,U0055,docker start,redis:7,success,0,"{""cpu"":""0.5"",""mem"":""256MB""}",10.0.0.162,
2025-05-02T08:14:44Z,31308abd7560,cache,stop,U0098,sh,nginx:latest,success,0,"{""cpu"":""0.5"",""mem"":""1GB""}",10.0.0.33,
2025-05-05T14:01:44Z,18b0c93a0b1e,api-gateway,stop,U0011,docker kill,nginx:latest,success,0,"{""cpu"":""0.4"",""mem"":""512MB""}",10.0.0.162,
2025-05-02T16:18:44Z,cb8dcd72364b,db-backend,restart,U0098,docker start,alpine:latest,failure,137,"{""cpu"":""1.6"",""mem"":""256MB""}",10.0.0.80,Timeout error
2025-05-01T20:31:44Z,622f523855e6,auth-service,exec,U0018,docker stop,node:18,success,0,"{""cpu"":""1.8"",""mem"":""512MB""}",10.0.0.25,
2025-05-06T04:19:44Z,8a17ab3ee619,auth-service,kill,U0059,sh,nginx:latest,success,0,"{""cpu"":""1.6"",""mem"":""2GB""}",10.0.0.63,
2025-05-04T07:02:44Z,e6eeaa94f672,db-backend,restart,U0063,docker kill,python:3.10,success,0,"{""cpu"":""1.4"",""mem"":""512MB""}",10.0.0.132,
2025-05-03T18:37:44Z,4920a4326314,cache,restart,U0050,docker stop,python:3.10,success,0,"{""cpu"":""0.7"",""mem"":""512MB""}",10.0.0.44,
2025-05-01T01:59:44Z,e99226043655,cache,start,U0007,docker start,alpine:latest,failure,255,"{""cpu"":""1.2"",""mem"":""256MB""}",10.0.0.56,Timeout error
2025-05-05T00:57:44Z,cf68d92a0519,auth-service,stop,U0006,docker kill,redis:7,success,0,"{""cpu"":""1.2"",""mem"":""512MB""}",10.0.0.245,
2025-05-04T16:03:44Z,d0a9521b1462,cache,exec,U0052,bash,node:18,success,0,"{""cpu"":""1.1"",""mem"":""1GB""}",10.0.0.52,
2025-05-02T10:21:44Z,92195536d2c2,web-app,exec,U0069,docker start,python:3.10,success,0,"{""cpu"":""1.1"",""mem"":""2GB""}",10.0.0.15,
2025-05-01T18:35:44Z,ccd58dcbfb7c,web-app,kill,U0093,bash,alpine:latest,success,0,"{""cpu"":""1.3"",""mem"":""2GB""}",10.0.0.17,
2025-05-01T11:46:44Z,1774e3b8bccf,web-app,restart,U0046,docker kill,redis:7,failure,137,"{""cpu"":""0.6"",""mem"":""512MB""}",10.0.0.81,Container terminated forcefully
2025-05-01T23:50:44Z,4a20f5d7ac46,web-app,exec,U0086,docker kill,redis:7,failure,255,"{""cpu"":""1.8"",""mem"":""2GB""}",10.0.0.216,Command failed
2025-04-30T12:55:44Z,ef89c96368d1,db-backend,kill,U0051,bash,alpine:latest,success,0,"{""cpu"":""1.0"",""mem"":""512MB""}",10.0.0.71,
2025-05-04T07:16:44Z,8a98c625c8ca,db-backend,stop,U0069,docker kill,python:3.10,success,0,"{""cpu"":""1.4"",""mem"":""512MB""}",10.0.0.102,
2025-05-02T22:24:44Z,cd0a5f737d76,api-gateway,kill,U0089,bash,nginx:latest,success,0,"{""cpu"":""1.3"",""mem"":""1GB""}",10.0.0.111,
2025-04-30T23:48:44Z,0b4178fdd382,db-backend,exec,U0020,docker kill,redis:7,success,0,"{""cpu"":""0.6"",""mem"":""1GB""}",10.0.0.27,
2025-05-05T22:12:44Z,4bdedea5ccf7,api-gateway,exec,U0059,docker kill,redis:7,success,0,"{""cpu"":""0.1"",""mem"":""512MB""}",10.0.0.217,
2025-04-30T15:01:44Z,2e4b546acb37,auth-service,start,U0089,docker start,nginx:latest,failure,255,"{""cpu"":""0.5"",""mem"":""256MB""}",10.0.0.181,Command failed
2025-05-03T00:14:44Z,ebb79415f48f,api-gateway,kill,U0006,sh,nginx:latest,success,0,"{""cpu"":""0.5"",""mem"":""512MB""}",10.0.0.170,
2025-04-30T15:03:44Z,8123baa1b5d6,web-app,restart,U0094,docker kill,redis:7,success,0,"{""cpu"":""1.4"",""mem"":""256MB""}",10.0.0.39,
2025-05-02T09:42:44Z,f190b6072b6e,web-app,exec,U0045,docker start,node:18,success,0,"{""cpu"":""0.3"",""mem"":""512MB""}",10.0.0.63,
2025-05-04T11:50:44Z,b7c1b175e275,db-backend,kill,U0048,docker stop,redis:7,success,0,"{""cpu"":""1.7"",""mem"":""2GB""}",10.0.0.143,
2025-05-01T19:45:44Z,1be184a53851,cache,restart,U0063,sh,python:3.10,success,0,"{""cpu"":""0.5"",""mem"":""256MB""}",10.0.0.116,
2025-05-03T16:42:44Z,7b819be8f0bc,cache,stop,U0005,docker stop,nginx:latest,success,0,"{""cpu"":""1.6"",""mem"":""2GB""}",10.0.0.12,
2025-05-04T02:29:44Z,ffa9c2942d07,cache,exec,U0055,docker stop,node:18,success,0,"{""cpu"":""1.4"",""mem"":""2GB""}",10.0.0.223,
2025-05-06T21:58:44Z,8498e763e401,web-app,stop,U0047,bash,node:18,success,0,"{""cpu"":""1.0"",""mem"":""256MB""}",10.0.0.35,
2025-04-30T14:45:44Z,3c8ead4df146,web-app,start,U0020,docker start,redis:7,success,0,"{""cpu"":""0.9"",""mem"":""512MB""}",10.0.0.216,
2025-05-02T17:04:44Z,ab337e11eac4,auth-service,restart,U0001,docker stop,alpine:latest,success,0,"{""cpu"":""0.2"",""mem"":""256MB""}",10.0.0.49,
2025-05-02T00:55:44Z,762b115e8e6b,web-app,exec,U0096,docker kill,node:18,success,0,"{""cpu"":""1.2"",""mem"":""512MB""}",10.0.0.201,
2025-05-03T07:44:44Z,5f153af3bc54,auth-service,start,U0044,sh,nginx:latest,success,0,"{""cpu"":""0.3"",""mem"":""1GB""}",10.0.0.218,
2025-05-04T02:12:44Z,cc09aa6f59dd,auth-service,restart,U0046,sh,alpine:latest,success,0,"{""cpu"":""0.7"",""mem"":""256MB""}",10.0.0.104,
2025-05-06T05:15:44Z,5b94fe7aebc3,cache,stop,U0047,sh,nginx:latest,success,0,"{""cpu"":""0.4"",""mem"":""256MB""}",10.0.0.9,
2025-05-04T09:40:44Z,bfd23ab80386,db-backend,start,U0053,docker stop,python:3.10,failure,255,"{""cpu"":""0.2"",""mem"":""256MB""}",10.0.0.215,Command failed
2025-05-05T01:47:44Z,ec5fc2060063,auth-service,stop,U0052,docker stop,node:18,success,0,"{""cpu"":""1.3"",""mem"":""1GB""}",10.0.0.196,
2025-05-05T20:55:44Z,3d33e37fd35d,db-backend,stop,U0048,sh,python:3.10,failure,255,"{""cpu"":""0.8"",""mem"":""1GB""}",10.0.0.140,Timeout error
2025-05-01T23:32:44Z,581de978dc42,auth-service,kill,U0006,docker start,redis:7,success,0,"{""cpu"":""1.3"",""mem"":""1GB""}",10.0.0.85,
2025-05-06T16:33:44Z,1d0ebf771e80,db-backend,kill,U0089,docker kill,python:3.10,success,0,"{""cpu"":""1.3"",""mem"":""512MB""}",10.0.0.37,
2025-05-06T05:32:44Z,3912c4b6ccc8,auth-service,exec,U0095,sh,node:18,success,0,"{""cpu"":""1.6"",""mem"":""1GB""}",10.0.0.44,
2025-05-06T18:26:44Z,746d436f421f,auth-service,start,U0086,sh,alpine:latest,success,0,"{""cpu"":""0.6"",""mem"":""256MB""}",10.0.0.95,
2025-05-05T15:50:44Z,c715a079bf5b,api-gateway,stop,U0031,docker kill,python:3.10,success,0,"{""cpu"":""1.8"",""mem"":""512MB""}",10.0.0.201,
2025-05-01T22:27:44Z,a36a20c09dce,web-app,stop,U0048,docker start,nginx:latest,success,0,"{""cpu"":""0.7"",""mem"":""256MB""}",10.0.0.57,
2025-05-05T00:28:44Z,1f7e26e7ccd2,db-backend,kill,U0054,docker start,alpine:latest,success,0,"{""cpu"":""1.9"",""mem"":""2GB""}",10.0.0.170,
2025-05-01T17:19:44Z,ca5097260296,api-gateway,kill,U0050,docker stop,nginx:latest,success,0,"{""cpu"":""0.6"",""mem"":""2GB""}",10.0.0.65,
2025-05-02T04:14:44Z,b69f37511cf7,web-app,kill,U0054,sh,alpine:latest,failure,255,"{""cpu"":""0.2"",""mem"":""2GB""}",10.0.0.208,Timeout error
2025-05-04T00:34:44Z,51e6fa7ee672,api-gateway,kill,U0069,docker kill,nginx:latest,success,0,"{""cpu"":""0.8"",""mem"":""1GB""}",10.0.0.1,
2025-05-06T16:52:44Z,e89265fa7b3a,cache,stop,U0095,bash,node:18,failure,137,"{""cpu"":""1.4"",""mem"":""2GB""}",10.0.0.226,Timeout error
2025-05-01T11:58:44Z,6bf245c2bf49,web-app,start,U0069,bash,python:3.10,success,0,"{""cpu"":""1.2"",""mem"":""512MB""}",10.0.0.104,
2025-05-05T04:45:44Z,bda4dafa05d7,auth-service,kill,U0047,sh,python:3.10,success,0,"{""cpu"":""1.0"",""mem"":""2GB""}",10.0.0.206,
2025-05-05T08:01:44Z,9f78a0434d8f,auth-service,exec,U0086,sh,redis:7,success,0,"{""cpu"":""1.3"",""mem"":""512MB""}",10.0.0.138,
2025-05-02T04:06:44Z,1004233321b3,auth-service,exec,U0051,sh,alpine:latest,success,0,"{""cpu"":""1.8"",""mem"":""2GB""}",10.0.0.233,
2025-05-05T01:03:44Z,1d9170f24978,cache,kill,U0018,docker start,redis:7,success,0,"{""cpu"":""0.6"",""mem"":""2GB""}",10.0.0.6,
2025-05-01T11:16:44Z,f7587a10122d,web-app,kill,U0042,sh,python:3.10,failure,1,"{""cpu"":""0.8"",""mem"":""256MB""}",10.0.0.1,Timeout error
2025-05-03T07:30:44Z,dd627ac43c0e,auth-service,exec,U0018,bash,node:18,success,0,"{""cpu"":""1.4"",""mem"":""256MB""}",10.0.0.64,
2025-05-05T00:37:44Z,401cee6b8569,cache,stop,U0086,docker kill,alpine:latest,success,0,"{""cpu"":""0.8"",""mem"":""1GB""}",10.0.0.95,
2025-05-03T20:10:44Z,4c93fac802bd,api-gateway,kill,U0096,docker stop,redis:7,success,0,"{""cpu"":""1.4"",""mem"":""512MB""}",10.0.0.91,
2025-05-04T20:25:44Z,7318789eb76f,db-backend,start,U0058,bash,nginx:latest,failure,1,"{""cpu"":""1.1"",""mem"":""2GB""}",10.0.0.58,Timeout error
2025-05-01T13:15:44Z,f0c65ccac6d7,cache,kill,U0042,sh,python:3.10,success,0,"{""cpu"":""0.8"",""mem"":""512MB""}",10.0.0.19,
2025-05-02T04:44:44Z,e9b97b3e3ab7,cache,stop,U0018,docker kill,redis:7,failure,137,"{""cpu"":""1.6"",""mem"":""1GB""}",10.0.0.122,Command failed
2025-05-06T01:02:44Z,3d83c7e2bf74,db-backend,restart,U0093,docker start,node:18,success,0,"{""cpu"":""1.9"",""mem"":""512MB""}",10.0.0.214,
2025-05-05T08:15:44Z,00dba2260384,cache,restart,U0089,docker stop,python:3.10,failure,137,"{""cpu"":""0.2"",""mem"":""512MB""}",10.0.0.25,Command failed
2025-05-04T10:33:44Z,6110711b73fa,cache,restart,U0052,docker start,python:3.10,success,0,"{""cpu"":""0.9"",""mem"":""512MB""}",10.0.0.63,
2025-05-06T17:59:44Z,777057bd13f9,api-gateway,exec,U0071,docker stop,python:3.10,failure,255,"{""cpu"":""1.4"",""mem"":""512MB""}",10.0.0.86,Command failed
2025-05-06T22:54:44Z,8484a46b8f72,cache,stop,U0052,sh,alpine:latest,success,0,"{""cpu"":""0.9"",""mem"":""256MB""}",10.0.0.141,
2025-05-06T11:20:44Z,3a1197b95ba0,auth-service,exec,U0032,docker kill,alpine:latest,success,0,"{""cpu"":""0.6"",""mem"":""1GB""}",10.0.0.176,
2025-05-01T11:54:44Z,312a88e91139,auth-service,restart,U0094,bash,redis:7,failure,255,"{""cpu"":""1.7"",""mem"":""256MB""}",10.0.0.51,Command failed
2025-05-04T00:18:44Z,2df6cb56d7c3,web-app,start,U0051,bash,python:3.10,success,0,"{""cpu"":""0.5"",""mem"":""256MB""}",10.0.0.146,
2025-05-01T14:18:44Z,7f3dde965650,web-app,start,U0073,bash,node:18,failure,1,"{""cpu"":""0.3"",""mem"":""512MB""}",10.0.0.249,Container terminated forcefully
2025-05-07T00:28:44Z,2919ebb3a211,cache,exec,U0006,docker start,nginx:latest,failure,137,"{""cpu"":""1.0"",""mem"":""512MB""}",10.0.0.103,Command failed
2025-05-02T14:26:44Z,1678facc5b09,db-backend,kill,U0018,docker kill,nginx:latest,success,0,"{""cpu"":""1.1"",""mem"":""512MB""}",10.0.0.212,
2025-05-06T05:51:44Z,6a2cf68ea8c0,db-backend,kill,U0021,docker stop,alpine:latest,success,0,"{""cpu"":""1.2"",""mem"":""1GB""}",10.0.0.19,
2025-05-05T12:45:44Z,1996bbbc50f4,auth-service,restart,U0059,bash,nginx:latest,success,0,"{""cpu"":""1.4"",""mem"":""512MB""}",10.0.0.30,
2025-05-06T23:54:44Z,44daad48d03a,api-gateway,kill,U0096,docker start,alpine:latest,failure,255,"{""cpu"":""2.0"",""mem"":""1GB""}",10.0.0.47,Command failed
2025-04-30T12:14:44Z,1b88d6bbd5af,api-gateway,kill,U0059,bash,nginx:latest,success,0,"{""cpu"":""0.3"",""mem"":""1GB""}",10.0.0.10,
2025-05-05T17:20:44Z,ea377f6b3751,cache,start,U0071,docker start,redis:7,success,0,"{""cpu"":""1.4"",""mem"":""1GB""}",10.0.0.213,
2025-05-05T08:51:44Z,9b6a55dc0adf,cache,exec,U0093,bash,python:3.10,success,0,"{""cpu"":""0.3"",""mem"":""512MB""}",10.0.0.212,
2025-05-05T19:25:44Z,550abdbafcdf,auth-service,exec,U0096,sh,alpine:latest,success,0,"{""cpu"":""1.2"",""mem"":""512MB""}",10.0.0.139,
2025-05-01T21:46:44Z,87992526e634,api-gateway,restart,U0063,docker start,node:18,success,0,"{""cpu"":""1.0"",""mem"":""1GB""}",10.0.0.39,
2025-05-07T04:00:44Z,88f107107266,db-backend,start,U0051,docker start,alpine:latest,success,0,"{""cpu"":""0.3"",""mem"":""1GB""}",10.0.0.220,
2025-05-06T04:27:44Z,38c40514261f,db-backend,stop,U0031,docker start,alpine:latest,success,0,"{""cpu"":""1.7"",""mem"":""256MB""}",10.0.0.33,
2025-05-02T23:30:44Z,6a70882196ba,web-app,restart,U0098,sh,node:18,success,0,"{""cpu"":""1.0"",""mem"":""512MB""}",10.0.0.244,
2025-05-01T22:05:44Z,16234f0636f4,cache,start,U0063,sh,nginx:latest,success,0,"{""cpu"":""1.5"",""mem"":""2GB""}",10.0.0.30,
2025-05-03T02:52:44Z,8997bed9a4d2,cache,start,U0059,docker start,node:18,success,0,"{""cpu"":""1.3"",""mem"":""2GB""}",10.0.0.149,
2025-05-01T12:12:44Z,993496da9673,cache,stop,U0051,docker start,python:3.10,success,0,"{""cpu"":""0.7"",""mem"":""512MB""}",10.0.0.33,
2025-05-05T08:19:44Z,35347c554587,auth-service,exec,U0063,docker kill,alpine:latest,success,0,"{""cpu"":""1.1"",""mem"":""2GB""}",10.0.0.163,
2025-05-04T10:24:44Z,8931b882e81a,api-gateway,stop,U0001,docker kill,nginx:latest,success,0,"{""cpu"":""1.3"",""mem"":""256MB""}",10.0.0.198,
2025-05-02T10:57:44Z,99f846e8a3a1,auth-service,exec,U0050,docker start,nginx:latest,success,0,"{""cpu"":""0.3"",""mem"":""2GB""}",10.0.0.30,
2025-05-04T13:27:44Z,e824c9e2f3cb,api-gateway,kill,U0006,docker stop,redis:7,success,0,"{""cpu"":""0.5"",""mem"":""256MB""}",10.0.0.248,
2025-05-06T06:33:44Z,aefa68039bc0,api-gateway,restart,U0086,docker start,python:3.10,success,0,"{""cpu"":""1.9"",""mem"":""1GB""}",10.0.0.111,
2025-04-30T06:32:44Z,c678c58869fa,cache,exec,U0020,sh,nginx:latest,success,0,"{""cpu"":""0.1"",""mem"":""1GB""}",10.0.0.27,
2025-05-05T01:33:44Z,b0e9fc7bf1da,web-app,exec,U0095,docker stop,nginx:latest,success,0,"{""cpu"":""0.7"",""mem"":""1GB""}",10.0.0.71,
2025-05-01T12:56:44Z,411fd704ea28,auth-service,restart,U0031,docker start,redis:7,success,0,"{""cpu"":""1.0"",""mem"":""256MB""}",10.0.0.192,
2025-05-05T13:25:44Z,938fa2f29e47,api-gateway,start,U0001,docker start,nginx:latest,failure,1,"{""cpu"":""1.6"",""mem"":""512MB""}",10.0.0.144,Timeout error
2025-05-04T19:46:44Z,05e85cf41841,auth-service,start,U0011,docker stop,alpine:latest,success,0,"{""cpu"":""1.4"",""mem"":""2GB""}",10.0.0.159,
2025-05-01T01:49:44Z,416ae672cede,web-app,start,U0051,docker start,node:18,failure,255,"{""cpu"":""1.0"",""mem"":""2GB""}",10.0.0.41,Command failed
2025-05-06T14:33:44Z,116e287567dd,api-gateway,exec,U0071,docker stop,node:18,success,0,"{""cpu"":""0.2"",""mem"":""2GB""}",10.0.0.78,
2025-05-03T05:24:44Z,aa7bfe695e33,cache,stop,U0095,bash,node:18,failure,137,"{""cpu"":""1.5"",""mem"":""512MB""}",10.0.0.70,Container terminated forcefully
2025-05-03T00:36:44Z,928d50274b6d,web-app,restart,U0079,docker start,redis:7,success,0,"{""cpu"":""1.1"",""mem"":""256MB""}",10.0.0.3,
2025-05-05T03:22:44Z,a2baa8b0b105,db-backend,stop,U0032,docker kill,alpine:latest,success,0,"{""cpu"":""0.5"",""mem"":""256MB""}",10.0.0.214,
2025-05-01T06:42:44Z,0fcda1fe26d4,db-backend,stop,U0047,bash,nginx:latest,success,0,"{""cpu"":""0.2"",""mem"":""1GB""}",10.0.0.94,
2025-05-02T11:46:44Z,2dbc7ab5c1d8,api-gateway,start,U0020,docker kill,node:18,success,0,"{""cpu"":""1.0"",""mem"":""1GB""}",10.0.0.219,
2025-05-01T09:08:44Z,e78b2d096a7d,db-backend,exec,U0052,sh,nginx:latest,success,0,"{""cpu"":""1.9"",""mem"":""1GB""}",10.0.0.228,
2025-05-04T17:22:44Z,392e3a987765,auth-service,exec,U0052,docker stop,redis:7,failure,255,"{""cpu"":""1.7"",""mem"":""2GB""}",10.0.0.14,Timeout error
2025-05-06T14:20:44Z,35245dda1915,db-backend,stop,U0007,docker kill,redis:7,success,0,"{""cpu"":""0.8"",""mem"":""2GB""}",10.0.0.156,
2025-05-02T07:43:44Z,0f6a50aaa398,auth-service,kill,U0044,bash,node:18,success,0,"{""cpu"":""0.7"",""mem"":""256MB""}",10.0.0.46,
2025-05-04T09:59:44Z,9a31546a48ed,web-app,kill,U0051,docker start,node:18,success,0,"{""cpu"":""0.9"",""mem"":""1GB""}",10.0.0.163,
2025-04-30T10:50:44Z,391524db2356,auth-service,start,U0058,docker kill,node:18,success,0,"{""cpu"":""1.2"",""mem"":""1GB""}",10.0.0.205,
2025-04-30T12:56:44Z,2b79cb2f7571,web-app,exec,U0046,docker stop,redis:7,success,0,"{""cpu"":""0.9"",""mem"":""1GB""}",10.0.0.105,
2025-05-06T09:29:44Z,f72da8309e3e,api-gateway,start,U0098,docker start,redis:7,failure,255,"{""cpu"":""1.0"",""mem"":""512MB""}",10.0.0.163,Timeout error
2025-05-04T14:52:44Z,4f1e6188478d,db-backend,restart,U0032,docker start,nginx:latest,success,0,"{""cpu"":""0.5"",""mem"":""1GB""}",10.0.0.214,
2025-05-01T07:13:44Z,db721d9fe4c0,cache,kill,U0031,docker kill,alpine:latest,success,0,"{""cpu"":""0.9"",""mem"":""2GB""}",10.0.0.239,
2025-05-01T13:40:44Z,3a946fa33ed3,api-gateway,exec,U0073,sh,alpine:latest,success,0,"{""cpu"":""1.3"",""mem"":""256MB""}",10.0.0.132,
2025-05-02T15:24:44Z,684f6329aa53,auth-service,kill,U0020,docker start,redis:7,success,0,"{""cpu"":""0.4"",""mem"":""2GB""}",10.0.0.220,
2025-05-02T08:19:44Z,07765a760ebf,api-gateway,exec,U0058,docker stop,python:3.10,success,0,"{""cpu"":""0.6"",""mem"":""2GB""}",10.0.0.95,
2025-05-06T16:56:44Z,0fb633cadd28,web-app,restart,U0021,docker start,python:3.10,success,0,"{""cpu"":""1.9"",""mem"":""2GB""}",10.0.0.99,
2025-05-06T22:01:44Z,ac44c6a93f0f,auth-service,kill,U0021,docker start,nginx:latest,success,0,"{""cpu"":""1.6"",""mem"":""1GB""}",10.0.0.34,
2025-05-06T18:03:44Z,6dd9543dd906,auth-service,start,U0054,docker stop,node:18,success,0,"{""cpu"":""1.5"",""mem"":""2GB""}",10.0.0.189,
2025-05-03T17:58:44Z,e8cee4b8683a,cache,kill,U0054,docker start,redis:7,success,0,"{""cpu"":""1.4"",""mem"":""512MB""}",10.0.0.29,
2025-05-01T11:48:44Z,f62ad1f54701,cache,stop,U0042,docker start,python:3.10,success,0,"{""cpu"":""0.3"",""mem"":""256MB""}",10.0.0.86,
2025-04-30T18:16:44Z,8f80f6e393be,auth-service,exec,U0058,bash,python:3.10,success,0,"{""cpu"":""0.4"",""mem"":""2GB""}",10.0.0.1,
2025-05-06T17:25:44Z,238aac9e4f50,api-gateway,start,U0031,bash,node:18,failure,1,"{""cpu"":""0.9"",""mem"":""512MB""}",10.0.0.141,Timeout error
2025-05-01T00:06:44Z,67783463c2de,cache,kill,U0032,docker start,nginx:latest,success,0,"{""cpu"":""0.9"",""mem"":""1GB""}",10.0.0.141,
2025-05-07T02:36:44Z,be5006bd9a36,auth-service,restart,U0055,docker start,node:18,success,0,"{""cpu"":""0.3"",""mem"":""2GB""}",10.0.0.105,
2025-05-03T19:17:44Z,c9252548513d,web-app,start,U0021,bash,python:3.10,failure,255,"{""cpu"":""1.0"",""mem"":""256MB""}",10.0.0.97,Command failed
2025-05-05T10:10:44Z,0d0f345f14b5,auth-service,restart,U0073,docker start,node:18,success,0,"{""cpu"":""1.6"",""mem"":""2GB""}",10.0.0.86,
2025-04-30T11:31:44Z,8cabbc3e477d,api-gateway,kill,U0047,docker start,python:3.10,success,0,"{""cpu"":""1.2"",""mem"":""512MB""}",10.0.0.253,
2025-05-01T22:21:44Z,8fb675646b50,api-gateway,start,U0071,bash,nginx:latest,success,0,"{""cpu"":""0.2"",""mem"":""1GB""}",10.0.0.44,
2025-05-05T01:05:44Z,77c3e0d3da9a,cache,kill,U0042,bash,python:3.10,failure,255,"{""cpu"":""0.5"",""mem"":""1GB""}",10.0.0.112,Timeout error
2025-04-30T22:31:44Z,75661ba513c7,web-app,kill,U0005,sh,alpine:latest,success,0,"{""cpu"":""0.6"",""mem"":""2GB""}",10.0.0.158,
2025-05-04T08:32:44Z,6f6a1f0a2be4,api-gateway,stop,U0079,docker stop,nginx:latest,success,0,"{""cpu"":""1.3"",""mem"":""2GB""}",10.0.0.246,
2025-05-02T14:59:44Z,cb67e64baf24,web-app,restart,U0042,docker stop,node:18,success,0,"{""cpu"":""0.5"",""mem"":""1GB""}",10.0.0.123,
2025-05-02T02:35:44Z,73782c1d9ad3,cache,kill,U0098,sh,alpine:latest,success,0,"{""cpu"":""1.9"",""mem"":""256MB""}",10.0.0.159,
2025-04-30T16:49:44Z,8bed68e5bb7e,api-gateway,restart,U0011,sh,python:3.10,success,0,"{""cpu"":""0.9"",""mem"":""1GB""}",10.0.0.217,
2025-05-02T00:09:44Z,5bb1f9ea7aa2,api-gateway,restart,U0073,docker stop,nginx:latest,success,0,"{""cpu"":""1.9"",""mem"":""512MB""}",10.0.0.188,
2025-05-01T08:51:44Z,eb7ccdd9a2f0,auth-service,start,U0018,docker kill,node:18,success,0,"{""cpu"":""0.8"",""mem"":""512MB""}",10.0.0.37,
2025-05-04T16:40:44Z,dcf55003f2f2,db-backend,exec,U0047,bash,redis:7,success,0,"{""cpu"":""0.7"",""mem"":""1GB""}",10.0.0.176,
2025-05-06T13:24:44Z,722de49dcee3,api-gateway,start,U0011,docker kill,redis:7,failure,137,"{""cpu"":""0.6"",""mem"":""1GB""}",10.0.0.91,Command failed
2025-04-30T16:42:44Z,538abfd3be63,db-backend,exec,U0042,sh,redis:7,success,0,"{""cpu"":""0.6"",""mem"":""2GB""}",10.0.0.110,
2025-05-03T08:25:44Z,c029200c3719,api-gateway,restart,U0005,docker kill,python:3.10,success,0,"{""cpu"":""1.7"",""mem"":""2GB""}",10.0.0.37,
2025-05-06T03:20:44Z,1695cb33e950,api-gateway,start,U0055,bash,nginx:latest,success,0,"{""cpu"":""1.5"",""mem"":""1GB""}",10.0.0.11,
2025-05-02T15:06:44Z,a60c6bb4ee34,cache,start,U0031,docker kill,node:18,success,0,"{""cpu"":""0.5"",""mem"":""256MB""}",10.0.0.1,
2025-05-06T08:23:44Z,b254e5d91292,web-app,restart,U0098,docker kill,nginx:latest,success,0,"{""cpu"":""1.3"",""mem"":""2GB""}",10.0.0.113,
2025-05-02T23:04:44Z,6ea8c6b0cdda,cache,kill,U0095,docker kill,alpine:latest,success,0,"{""cpu"":""0.6"",""mem"":""1GB""}",10.0.0.60,
2025-05-04T00:02:44Z,8ebed0a81c46,cache,start,U0006,docker stop,alpine:latest,failure,255,"{""cpu"":""1.1"",""mem"":""256MB""}",10.0.0.191,Timeout error
2025-05-02T00:37:44Z,f975397fb96c,auth-service,stop,U0079,sh,alpine:latest,success,0,"{""cpu"":""0.5"",""mem"":""1GB""}",10.0.0.175,
2025-05-01T00:53:44Z,3bf5140f8965,cache,stop,U0007,docker stop,node:18,success,0,"{""cpu"":""0.1"",""mem"":""1GB""}",10.0.0.189,
2025-05-03T01:22:44Z,4cadc39d9d1b,api-gateway,restart,U0079,docker kill,python:3.10,success,0,"{""cpu"":""0.6"",""mem"":""256MB""}",10.0.0.95,
2025-05-05T07:55:44Z,4563d771222a,db-backend,kill,U0018,docker kill,alpine:latest,success,0,"{""cpu"":""0.4"",""mem"":""256MB""}",10.0.0.124,
2025-05-01T02:04:44Z,72c80be4d6ba,db-backend,exec,U0063,docker stop,nginx:latest,success,0,"{""cpu"":""1.4"",""mem"":""2GB""}",10.0.0.106,
2025-05-01T19:09:44Z,7ba69518f653,cache,stop,U0073,docker stop,nginx:latest,success,0,"{""cpu"":""0.6"",""mem"":""2GB""}",10.0.0.145,
2025-05-05T19:44:44Z,a53cb6821169,web-app,restart,U0059,docker kill,redis:7,success,0,"{""cpu"":""1.2"",""mem"":""1GB""}",10.0.0.254,
2025-04-30T09:47:44Z,4741cf1a4130,cache,restart,U0059,docker start,nginx:latest,success,0,"{""cpu"":""1.7"",""mem"":""2GB""}",10.0.0.155,
2025-05-03T05:45:44Z,9498a8c0c5a3,web-app,kill,U0053,bash,python:3.10,success,0,"{""cpu"":""0.3"",""mem"":""2GB""}",10.0.0.241,
2025-05-05T03:05:44Z,55f6272d67c0,cache,kill,U0073,bash,redis:7,success,0,"{""cpu"":""0.3"",""mem"":""2GB""}",10.0.0.49,
2025-05-03T13:17:44Z,e50f62829aba,api-gateway,restart,U0048,sh,alpine:latest,success,0,"{""cpu"":""0.8"",""mem"":""256MB""}",10.0.0.72,
2025-05-05T07:19:44Z,79e1834da5dc,cache,exec,U0089,docker kill,redis:7,success,0,"{""cpu"":""0.9"",""mem"":""512MB""}",10.0.0.99,
2025-05-04T04:06:44Z,2ac4357a670c,cache,restart,U0096,docker stop,redis:7,success,0,"{""cpu"":""0.4"",""mem"":""1GB""}",10.0.0.15,
2025-04-30T23:37:44Z,d018d31fb38a,db-backend,restart,U0094,bash,redis:7,success,0,"{""cpu"":""1.1"",""mem"":""256MB""}",10.0.0.189,
2025-05-05T20:00:44Z,c26597ea8616,web-app,start,U0018,bash,alpine:latest,success,0,"{""cpu"":""1.4"",""mem"":""256MB""}",10.0.0.235,
2025-05-03T01:05:44Z,08143d16f344,web-app,start,U0052,docker start,python:3.10,success,0,"{""cpu"":""1.9"",""mem"":""512MB""}",10.0.0.114,
2025-05-04T04:56:44Z,8f01335a6a0b,api-gateway,stop,U0042,docker stop,nginx:latest,success,0,"{""cpu"":""1.7"",""mem"":""512MB""}",10.0.0.39,
2025-05-05T16:38:44Z,e3c13a8e9af9,api-gateway,exec,U0006,sh,python:3.10,success,0,"{""cpu"":""1.3"",""mem"":""2GB""}",10.0.0.240,
2025-05-06T12:38:44Z,fc36fb6ba891,db-backend,start,U0059,docker kill,alpine:latest,success,0,"{""cpu"":""1.0"",""mem"":""512MB""}",10.0.0.2,
2025-05-05T15:41:44Z,bc43f01f2dfe,cache,kill,U0046,bash,redis:7,success,0,"{""cpu"":""1.1"",""mem"":""512MB""}",10.0.0.248,
2025-05-03T20:11:44Z,ad812512ea30,api-gateway,restart,U0052,docker start,alpine:latest,success,0,"{""cpu"":""1.0"",""mem"":""256MB""}",10.0.0.72,
2025-05-02T06:45:44Z,599149bd6bfb,auth-service,stop,U0052,docker stop,alpine:latest,success,0,"{""cpu"":""0.6"",""mem"":""512MB""}",10.0.0.87,
2025-05-01T01:35:44Z,8fcb70118fac,cache,exec,U0018,docker start,alpine:latest,success,0,"{""cpu"":""1.5"",""mem"":""2GB""}",10.0.0.94,
2025-05-01T02:33:44Z,2639cfecc560,cache,kill,U0007,docker kill,alpine:latest,success,0,"{""cpu"":""0.4"",""mem"":""256MB""}",10.0.0.86,
2025-05-06T03:27:44Z,ac8d66b94b0e,api-gateway,start,U0089,bash,alpine:latest,success,0,"{""cpu"":""1.0"",""mem"":""256MB""}",10.0.0.18,
2025-05-04T12:45:44Z,77de6bd17511,cache,restart,U0044,bash,redis:7,success,0,"{""cpu"":""1.0"",""mem"":""1GB""}",10.0.0.24,
2025-04-30T19:09:44Z,2addd51bfafb,api-gateway,exec,U0073,docker kill,node:18,success,0,"{""cpu"":""0.9"",""mem"":""2GB""}",10.0.0.227,
2025-05-06T22:06:44Z,af8ac97942bc,auth-service,kill,U0044,docker start,nginx:latest,success,0,"{""cpu"":""1.0"",""mem"":""256MB""}",10.0.0.231,
2025-05-05T01:17:44Z,c2301976264d,auth-service,start,U0018,docker kill,alpine:latest,success,0,"{""cpu"":""0.4"",""mem"":""256MB""}",10.0.0.246,
2025-05-05T02:02:44Z,d7ebfdd73fa2,auth-service,restart,U0086,docker start,python:3.10,success,0,"{""cpu"":""0.6"",""mem"":""2GB""}",10.0.0.130,
2025-05-02T14:28:44Z,decc6a50def4,web-app,restart,U0046,sh,redis:7,success,0,"{""cpu"":""1.7"",""mem"":""1GB""}",10.0.0.104,
2025-05-05T23:01:44Z,af563122363a,web-app,stop,U0005,docker start,python:3.10,success,0,"{""cpu"":""1.4"",""mem"":""256MB""}",10.0.0.106,
2025-05-03T04:23:44Z,7cf6f363ffb3,web-app,start,U0006,docker stop,alpine:latest,failure,255,"{""cpu"":""0.8"",""mem"":""256MB""}",10.0.0.176,Command failed
2025-05-01T16:14:44Z,1242c588dffb,web-app,stop,U0053,docker kill,node:18,success,0,"{""cpu"":""0.1"",""mem"":""256MB""}",10.0.0.110,
2025-05-03T12:52:44Z,3475ac932074,auth-service,exec,U0032,docker kill,node:18,success,0,"{""cpu"":""1.9"",""mem"":""256MB""}",10.0.0.123,
2025-05-04T08:32:44Z,840168aac660,auth-service,exec,U0089,docker start,alpine:latest,success,0,"{""cpu"":""1.4"",""mem"":""1GB""}",10.0.0.164,
2025-05-02T02:51:44Z,d9f745d412b4,web-app,kill,U0063,docker kill,python:3.10,success,0,"{""cpu"":""1.3"",""mem"":""512MB""}",10.0.0.27,
2025-04-30T11:24:44Z,e4881db7c85c,db-backend,kill,U0048,sh,redis:7,success,0,"{""cpu"":""1.1"",""mem"":""2GB""}",10.0.0.249,
2025-05-03T23:44:44Z,a73f7d2dfed8,web-app,start,U0096,docker start,node:18,success,0,"{""cpu"":""0.3"",""mem"":""256MB""}",10.0.0.175,
2025-05-05T09:31:44Z,d9fc63e89fa6,db-backend,restart,U0063,sh,node:18,success,0,"{""cpu"":""1.2"",""mem"":""1GB""}",10.0.0.195,
2025-05-01T07:44:44Z,42af49a2f206,cache,kill,U0021,docker stop,python:3.10,success,0,"{""cpu"":""1.7"",""mem"":""256MB""}",10.0.0.3,
2025-05-07T00:30:44Z,9e6ecd1767e9,api-gateway,stop,U0051,docker kill,alpine:latest,success,0,"{""cpu"":""1.6"",""mem"":""256MB""}",10.0.0.130,
2025-05-01T10:46:44Z,fa211450d60a,api-gateway,kill,U0095,docker stop,alpine:latest,success,0,"{""cpu"":""0.2"",""mem"":""512MB""}",10.0.0.7,
2025-05-02T13:40:44Z,c66b29327b51,db-backend,exec,U0005,sh,node:18,success,0,"{""cpu"":""1.2"",""mem"":""512MB""}",10.0.0.26,
2025-05-02T01:03:44Z,0a3c2fd8bae1,cache,restart,U0018,sh,node:18,failure,255,"{""cpu"":""1.2"",""mem"":""2GB""}",10.0.0.83,Command failed
2025-05-02T09:39:44Z,4f3127b6486a,web-app,kill,U0073,docker kill,node:18,success,0,"{""cpu"":""1.5"",""mem"":""2GB""}",10.0.0.203,
2025-05-05T20:53:44Z,1ec8b91eaf3f,cache,kill,U0095,bash,node:18,success,0,"{""cpu"":""0.8"",""mem"":""1GB""}",10.0.0.120,
2025-05-07T01:52:44Z,f442e39251cd,db-backend,restart,U0055,docker start,redis:7,success,0,"{""cpu"":""1.1"",""mem"":""256MB""}",10.0.0.126,
2025-05-02T20:02:44Z,a0df74b5a4f8,web-app,start,U0042,docker start,python:3.10,success,0,"{""cpu"":""0.1"",""mem"":""256MB""}",10.0.0.136,
2025-05-02T20:26:44Z,d7e40e8aea29,auth-service,stop,U0005,docker stop,node:18,success,0,"{""cpu"":""1.4"",""mem"":""512MB""}",10.0.0.145,
2025-04-30T11:29:44Z,1b16516e124b,web-app,restart,U0054,docker start,alpine:latest,success,0,"{""cpu"":""0.4"",""mem"":""2GB""}",10.0.0.159,
2025-05-02T03:27:44Z,c78c33d0f539,api-gateway,restart,U0050,docker kill,node:18,success,0,"{""cpu"":""1.8"",""mem"":""2GB""}",10.0.0.205,
2025-05-02T00:48:44Z,a97aa46bd4f4,cache,exec,U0011,docker kill,nginx:latest,success,0,"{""cpu"":""2.0"",""mem"":""512MB""}",10.0.0.212,
2025-04-30T07:03:44Z,d07a342ba4b7,api-gateway,exec,U0093,docker stop,alpine:latest,success,0,"{""cpu"":""1.3"",""mem"":""256MB""}",10.0.0.214,
2025-05-01T06:29:44Z,a8c0027bd942,db-backend,restart,U0054,sh,redis:7,success,0,"{""cpu"":""1.9"",""mem"":""512MB""}",10.0.0.87,
2025-05-03T11:38:44Z,f7f28e7505bf,db-backend,kill,U0050,docker stop,python:3.10,success,0,"{""cpu"":""1.3"",""mem"":""2GB""}",10.0.0.41,
2025-05-01T12:44:44Z,bc1e768cc413,cache,exec,U0050,docker stop,alpine:latest,success,0,"{""cpu"":""0.5"",""mem"":""1GB""}",10.0.0.120,
2025-05-03T03:47:44Z,721a0e23bb26,web-app,start,U0054,docker start,python:3.10,success,0,"{""cpu"":""1.9"",""mem"":""1GB""}",10.0.0.46,
2025-05-01T06:55:44Z,7d157a692d09,cache,restart,U0007,docker stop,node:18,success,0,"{""cpu"":""0.7"",""mem"":""2GB""}",10.0.0.38,
2025-05-01T07:47:44Z,709155a5edd9,api-gateway,start,U0048,docker start,alpine:latest,failure,1,"{""cpu"":""1.4"",""mem"":""512MB""}",10.0.0.125,Timeout error
2025-05-06T00:29:44Z,17bdc5ea3a8a,db-backend,start,U0059,docker start,node:18,success,0,"{""cpu"":""1.0"",""mem"":""1GB""}",10.0.0.21,
2025-05-04T17:16:44Z,d997d1d3f492,auth-service,stop,U0005,docker start,python:3.10,success,0,"{""cpu"":""1.1"",""mem"":""256MB""}",10.0.0.103,
2025-04-30T15:05:44Z,cbfd8668610a,auth-service,start,U0073,docker stop,alpine:latest,success,0,"{""cpu"":""1.2"",""mem"":""1GB""}",10.0.0.103,
2025-05-05T20:23:44Z,5f9182c03b1f,cache,start,U0007,docker start,python:3.10,success,0,"{""cpu"":""1.9"",""mem"":""2GB""}",10.0.0.152,
2025-05-04T09:26:44Z,dca9279e284b,db-backend,restart,U0063,sh,python:3.10,failure,255,"{""cpu"":""0.9"",""mem"":""1GB""}",10.0.0.145,Container terminated forcefully
2025-05-06T15:03:44Z,0d6c8727e15c,api-gateway,stop,U0073,docker stop,node:18,success,0,"{""cpu"":""0.4"",""mem"":""256MB""}",10.0.0.51,
2025-05-03T03:58:44Z,a3cd81a62dc6,db-backend,start,U0007,docker kill,nginx:latest,success,0,"{""cpu"":""1.2"",""mem"":""2GB""}",10.0.0.146,
2025-05-03T12:44:44Z,3eb2fbd0814b,auth-service,kill,U0051,sh,python:3.10,success,0,"{""cpu"":""0.6"",""mem"":""512MB""}",10.0.0.204,
2025-04-30T08:09:44Z,d479f8b5cf5d,cache,restart,U0094,bash,alpine:latest,success,0,"{""cpu"":""0.5"",""mem"":""256MB""}",10.0.0.13,
2025-05-02T05:39:44Z,e364fb5ea1ca,api-gateway,kill,U0045,bash,alpine:latest,success,0,"{""cpu"":""1.0"",""mem"":""256MB""}",10.0.0.3,
2025-05-02T11:46:44Z,68ea9f0e6b59,db-backend,restart,U0046,docker stop,node:18,failure,137,"{""cpu"":""1.6"",""mem"":""256MB""}",10.0.0.206,Command failed
2025-05-06T05:21:44Z,ed16940c5566,cache,restart,U0007,docker kill,nginx:latest,success,0,"{""cpu"":""1.7"",""mem"":""2GB""}",10.0.0.237,
2025-05-04T01:16:44Z,ff277cf6224d,auth-service,start,U0050,docker start,alpine:latest,success,0,"{""cpu"":""1.2"",""mem"":""256MB""}",10.0.0.151,
2025-05-07T01:47:44Z,e4788e67d178,db-backend,start,U0094,docker kill,nginx:latest,success,0,"{""cpu"":""1.2"",""mem"":""1GB""}",10.0.0.133,
2025-05-05T16:03:44Z,7668a73d6e85,api-gateway,start,U0096,docker stop,nginx:latest,success,0,"{""cpu"":""0.3"",""mem"":""256MB""}",10.0.0.103,
2025-05-03T02:44:44Z,e8c416ab005a,cache,start,U0044,docker start,node:18,success,0,"{""cpu"":""0.7"",""mem"":""1GB""}",10.0.0.117,
2025-05-04T07:04:44Z,a9d4be0a8a6a,cache,start,U0042,sh,python:3.10,success,0,"{""cpu"":""0.5"",""mem"":""2GB""}",10.0.0.72,
2025-05-02T10:02:44Z,64bf209cbb8c,web-app,stop,U0095,docker start,redis:7,success,0,"{""cpu"":""1.2"",""mem"":""256MB""}",10.0.0.10,
2025-05-05T20:35:44Z,8d7edaf0aa9c,db-backend,stop,U0051,docker start,redis:7,success,0,"{""cpu"":""2.0"",""mem"":""2GB""}",10.0.0.35,
2025-05-06T05:32:44Z,28fe8d5c8799,api-gateway,start,U0086,bash,node:18,success,0,"{""cpu"":""1.0"",""mem"":""2GB""}",10.0.0.11,
2025-05-04T10:17:44Z,df52a48f0286,cache,exec,U0098,docker kill,redis:7,success,0,"{""cpu"":""1.9"",""mem"":""1GB""}",10.0.0.235,
2025-04-30T16:50:44Z,d316be66066e,db-backend,restart,U0046,docker stop,nginx:latest,failure,255,"{""cpu"":""0.1"",""mem"":""1GB""}",10.0.0.184,Command failed
2025-05-04T12:53:44Z,615990aba6e1,cache,stop,U0042,docker start,python:3.10,success,0,"{""cpu"":""1.1"",""mem"":""1GB""}",10.0.0.144,
2025-05-02T07:34:44Z,1928076f2281,cache,exec,U0011,docker kill,redis:7,success,0,"{""cpu"":""1.8"",""mem"":""256MB""}",10.0.0.208,
2025-05-02T16:53:44Z,82a380e6a0e1,api-gateway,exec,U0020,sh,redis:7,failure,137,"{""cpu"":""1.7"",""mem"":""1GB""}",10.0.0.225,Timeout error
2025-05-06T06:16:44Z,d8b070532656,cache,stop,U0031,sh,alpine:latest,success,0,"{""cpu"":""0.5"",""mem"":""1GB""}",10.0.0.116,
2025-05-03T00:27:44Z,ec394b78c7f9,api-gateway,kill,U0032,docker stop,node:18,success,0,"{""cpu"":""2.0"",""mem"":""512MB""}",10.0.0.254,
2025-05-03T11:46:44Z,154e8b0136b7,cache,restart,U0089,sh,python:3.10,success,0,"{""cpu"":""1.5"",""mem"":""512MB""}",10.0.0.183,
2025-05-04T21:22:44Z,4df3965c7cf2,db-backend,start,U0094,bash,redis:7,success,0,"{""cpu"":""1.2"",""mem"":""256MB""}",10.0.0.169,
2025-05-04T12:01:44Z,edd528b8fbda,api-gateway,restart,U0042,bash,redis:7,success,0,"{""cpu"":""0.7"",""mem"":""2GB""}",10.0.0.216,
2025-05-02T07:29:44Z,b3891a6050ee,cache,start,U0045,sh,python:3.10,success,0,"{""cpu"":""1.5"",""mem"":""256MB""}",10.0.0.155,
2025-05-05T02:58:44Z,94a6ab4f6558,cache,restart,U0047,docker start,nginx:latest,success,0,"{""cpu"":""1.4"",""mem"":""1GB""}",10.0.0.82,
2025-04-30T07:34:44Z,f457fce3328d,cache,kill,U0042,docker kill,alpine:latest,success,0,"{""cpu"":""1.1"",""mem"":""1GB""}",10.0.0.80,
2025-05-05T17:44:44Z,1653a4a8f784,auth-service,kill,U0098,docker start,redis:7,success,0,"{""cpu"":""0.4"",""mem"":""1GB""}",10.0.0.102,
2025-05-02T17:01:44Z,46abf1e7594c,cache,start,U0079,sh,alpine:latest,success,0,"{""cpu"":""1.0"",""mem"":""1GB""}",10.0.0.97,
2025-05-04T08:01:44Z,d5dacd663d0c,auth-service,kill,U0046,bash,nginx:latest,success,0,"{""cpu"":""1.8"",""mem"":""256MB""}",10.0.0.18,
2025-04-30T13:37:44Z,aebfedda9163,cache,restart,U0046,docker stop,python:3.10,success,0,"{""cpu"":""0.7"",""mem"":""256MB""}",10.0.0.57,
2025-05-01T19:07:44Z,0ad071befc95,cache,start,U0063,bash,python:3.10,success,0,"{""cpu"":""0.3"",""mem"":""2GB""}",10.0.0.175,
2025-05-06T18:24:44Z,a60103c610a5,web-app,exec,U0007,bash,nginx:latest,success,0,"{""cpu"":""1.8"",""mem"":""256MB""}",10.0.0.254,
2025-05-03T04:30:44Z,6fd234018b77,web-app,stop,U0011,docker kill,alpine:latest,success,0,"{""cpu"":""1.6"",""mem"":""2GB""}",10.0.0.65,
2025-05-04T13:22:44Z,c2da9da6f82f,api-gateway,kill,U0095,sh,python:3.10,success,0,"{""cpu"":""0.4"",""mem"":""2GB""}",10.0.0.244,
2025-05-04T20:05:44Z,6c0882eb69f1,api-gateway,start,U0048,docker start,redis:7,success,0,"{""cpu"":""1.9"",""mem"":""2GB""}",10.0.0.232,
2025-04-30T17:54:44Z,1dc69ac27bb6,web-app,kill,U0059,docker stop,alpine:latest,failure,1,"{""cpu"":""0.3"",""mem"":""1GB""}",10.0.0.107,Container terminated forcefully
2025-05-04T22:23:44Z,8e2061e57b72,db-backend,stop,U0052,docker kill,node:18,success,0,"{""cpu"":""1.0"",""mem"":""256MB""}",10.0.0.131,
2025-05-05T16:45:44Z,2c6db8b612a5,auth-service,restart,U0093,sh,alpine:latest,success,0,"{""cpu"":""1.1"",""mem"":""256MB""}",10.0.0.240,
2025-05-06T18:59:44Z,f4a183420b90,db-backend,kill,U0005,docker start,nginx:latest,success,0,"{""cpu"":""0.5"",""mem"":""512MB""}",10.0.0.119,
2025-05-07T04:27:44Z,be22284848c2,web-app,start,U0094,docker stop,node:18,success,0,"{""cpu"":""0.2"",""mem"":""1GB""}",10.0.0.129,
2025-05-01T13:03:44Z,cc05daf7a4ff,web-app,stop,U0005,docker stop,node:18,success,0,"{""cpu"":""0.9"",""mem"":""256MB""}",10.0.0.75,
2025-05-07T03:11:44Z,7bcc74a46084,cache,kill,U0093,docker stop,node:18,success,0,"{""cpu"":""0.7"",""mem"":""512MB""}",10.0.0.146,
2025-05-07T01:12:44Z,616eaf6f90e2,db-backend,restart,U0093,bash,alpine:latest,success,0,"{""cpu"":""0.8"",""mem"":""256MB""}",10.0.0.203,
2025-04-30T19:54:44Z,0e46fbf550cc,cache,start,U0053,sh,redis:7,success,0,"{""cpu"":""0.7"",""mem"":""1GB""}",10.0.0.10,
2025-04-30T23:15:44Z,c41c6dd8fcf8,auth-service,kill,U0044,bash,alpine:latest,success,0,"{""cpu"":""1.5"",""mem"":""256MB""}",10.0.0.42,
2025-05-01T02:54:44Z,02a05bcb3835,web-app,kill,U0006,sh,redis:7,failure,1,"{""cpu"":""1.6"",""mem"":""512MB""}",10.0.0.175,Command failed
2025-05-05T08:44:44Z,68162132f197,cache,stop,U0048,docker start,redis:7,failure,137,"{""cpu"":""1.4"",""mem"":""1GB""}",10.0.0.84,Timeout error
2025-05-05T19:38:44Z,2b8715dfd9ec,db-backend,start,U0059,docker stop,redis:7,success,0,"{""cpu"":""1.9"",""mem"":""256MB""}",10.0.0.123,
2025-05-03T13:00:44Z,b275de29921b,db-backend,restart,U0093,docker start,nginx:latest,success,0,"{""cpu"":""0.7"",""mem"":""512MB""}",10.0.0.35,
2025-05-06T06:51:44Z,0f89025ea87a,web-app,exec,U0079,sh,alpine:latest,failure,137,"{""cpu"":""1.0"",""mem"":""512MB""}",10.0.0.2,Timeout error
2025-05-03T16:38:44Z,e8f8ad6b88b6,auth-service,kill,U0063,sh,node:18,success,0,"{""cpu"":""2.0"",""mem"":""512MB""}",10.0.0.98,
2025-05-04T05:00:44Z,b51d54ed3da1,auth-service,start,U0007,docker start,redis:7,success,0,"{""cpu"":""0.9"",""mem"":""512MB""}",10.0.0.248,
2025-04-30T16:48:44Z,d7ae16118d1b,api-gateway,kill,U0001,docker stop,node:18,success,0,"{""cpu"":""0.6"",""mem"":""256MB""}",10.0.0.152,
2025-05-01T09:54:44Z,18cdfc32d83a,auth-service,start,U0020,docker kill,alpine:latest,success,0,"{""cpu"":""1.0"",""mem"":""512MB""}",10.0.0.86,
2025-05-01T05:47:44Z,f1c393d8213c,db-backend,restart,U0059,bash,nginx:latest,success,0,"{""cpu"":""0.6"",""mem"":""512MB""}",10.0.0.28,
2025-05-04T14:19:44Z,0fa4cce98156,auth-service,exec,U0048,docker kill,node:18,success,0,"{""cpu"":""1.0"",""mem"":""1GB""}",10.0.0.223,
2025-05-02T12:56:44Z,8d87571523bc,db-backend,exec,U0018,docker kill,alpine:latest,success,0,"{""cpu"":""1.5"",""mem"":""2GB""}",10.0.0.185,
2025-05-01T06:11:44Z,2545c2d8b5d1,auth-service,kill,U0006,docker stop,nginx:latest,success,0,"{""cpu"":""0.5"",""mem"":""1GB""}",10.0.0.106,
2025-05-02T10:24:44Z,1414381478d6,auth-service,exec,U0021,bash,redis:7,failure,137,"{""cpu"":""0.7"",""mem"":""256MB""}",10.0.0.77,Command failed
2025-05-04T19:26:44Z,6c0584133d96,db-backend,kill,U0063,docker start,node:18,success,0,"{""cpu"":""1.9"",""mem"":""256MB""}",10.0.0.185,
2025-05-07T01:27:44Z,2a80913ada18,api-gateway,exec,U0093,docker stop,alpine:latest,failure,1,"{""cpu"":""0.5"",""mem"":""512MB""}",10.0.0.28,Command failed
2025-05-04T11:56:44Z,07768b69c6ef,web-app,exec,U0007,docker stop,nginx:latest,success,0,"{""cpu"":""1.5"",""mem"":""256MB""}",10.0.0.63,
2025-05-06T04:28:44Z,e505c6434b03,web-app,restart,U0089,docker start,redis:7,success,0,"{""cpu"":""1.0"",""mem"":""1GB""}",10.0.0.101,
2025-05-05T08:07:44Z,02fbb4df79cc,api-gateway,stop,U0046,sh,nginx:latest,success,0,"{""cpu"":""1.0"",""mem"":""256MB""}",10.0.0.141,
2025-05-05T01:17:44Z,a0c367d90181,cache,kill,U0046,docker start,redis:7,success,0,"{""cpu"":""1.6"",""mem"":""256MB""}",10.0.0.29,
2025-05-06T04:38:44Z,25294005f267,db-backend,start,U0031,bash,python:3.10,success,0,"{""cpu"":""1.4"",""mem"":""512MB""}",10.0.0.88,
2025-05-06T10:00:44Z,f85bbc6af902,db-backend,start,U0006,sh,alpine:latest,failure,1,"{""cpu"":""0.6"",""mem"":""1GB""}",10.0.0.131,Container terminated forcefully
2025-05-02T20:26:44Z,cecc0ddbeea3,web-app,start,U0073,docker kill,redis:7,success,0,"{""cpu"":""1.6"",""mem"":""512MB""}",10.0.0.130,
2025-05-04T16:00:44Z,2de45f4eec96,db-backend,kill,U0020,bash,alpine:latest,success,0,"{""cpu"":""1.8"",""mem"":""2GB""}",10.0.0.161,
2025-05-07T00:11:44Z,feaefecda295,auth-service,exec,U0020,docker stop,python:3.10,failure,137,"{""cpu"":""0.5"",""mem"":""1GB""}",10.0.0.18,Timeout error
2025-05-03T23:51:44Z,40790f89c0ba,auth-service,kill,U0069,docker start,alpine:latest,success,0,"{""cpu"":""1.7"",""mem"":""2GB""}",10.0.0.90,
2025-04-30T09:05:44Z,fbd794cda60d,cache,stop,U0032,bash,node:18,success,0,"{""cpu"":""1.7"",""mem"":""512MB""}",10.0.0.216,
2025-05-04T11:27:44Z,eb1aa2466ab1,auth-service,exec,U0018,bash,alpine:latest,success,0,"{""cpu"":""1.5"",""mem"":""512MB""}",10.0.0.84,
2025-05-04T09:25:44Z,a79007e21e5c,web-app,start,U0020,bash,nginx:latest,failure,137,"{""cpu"":""0.2"",""mem"":""512MB""}",10.0.0.64,Command failed
2025-05-06T09:08:44Z,81f1e88b0468,db-backend,restart,U0045,docker start,redis:7,success,0,"{""cpu"":""0.3"",""mem"":""2GB""}",10.0.0.182,
2025-04-30T17:21:44Z,0428f40ca16f,api-gateway,stop,U0079,docker kill,nginx:latest,failure,1,"{""cpu"":""0.4"",""mem"":""512MB""}",10.0.0.110,Container terminated forcefully
2025-05-02T16:17:44Z,60d98df384c5,web-app,stop,U0089,docker stop,alpine:latest,success,0,"{""cpu"":""1.8"",""mem"":""256MB""}",10.0.0.208,
2025-05-03T22:44:44Z,dd2e78d9a3b5,api-gateway,restart,U0079,docker stop,nginx:latest,failure,255,"{""cpu"":""0.4"",""mem"":""256MB""}",10.0.0.251,Timeout error
2025-05-03T12:05:44Z,14d45562dfe4,api-gateway,kill,U0089,sh,python:3.10,success,0,"{""cpu"":""0.5"",""mem"":""1GB""}",10.0.0.37,
2025-05-03T00:37:44Z,dfc2246a00d5,auth-service,stop,U0020,docker start,alpine:latest,failure,255,"{""cpu"":""0.7"",""mem"":""2GB""}",10.0.0.5,Timeout error
2025-05-04T11:22:44Z,5bfe73ac5c05,db-backend,restart,U0051,bash,node:18,success,0,"{""cpu"":""0.6"",""mem"":""1GB""}",10.0.0.174,
2025-05-06T04:45:44Z,c3ec26c00b90,cache,stop,U0096,docker stop,alpine:latest,success,0,"{""cpu"":""1.1"",""mem"":""1GB""}",10.0.0.10,
2025-05-01T11:06:44Z,0d377fb11857,auth-service,stop,U0063,docker stop,alpine:latest,success,0,"{""cpu"":""1.6"",""mem"":""256MB""}",10.0.0.190,
2025-05-05T06:25:44Z,61989237b969,cache,start,U0031,bash,python:3.10,success,0,"{""cpu"":""0.2"",""mem"":""512MB""}",10.0.0.199,
2025-05-01T11:32:44Z,39538c6dfc7f,api-gateway,stop,U0053,docker kill,node:18,success,0,"{""cpu"":""1.4"",""mem"":""2GB""}",10.0.0.12,
2025-05-04T01:10:44Z,cf413d514e84,web-app,restart,U0051,docker start,node:18,success,0,"{""cpu"":""1.6"",""mem"":""1GB""}",10.0.0.170,
2025-05-02T08:19:44Z,a19a5076041a,db-backend,exec,U0051,sh,python:3.10,failure,1,"{""cpu"":""0.4"",""mem"":""256MB""}",10.0.0.85,Command failed
