timestamp,user,user_id,resource_type,resource_name,action,verb,namespace,ip_address,response_status,event_type,source,error_code,request_body,response_body,pod_name,container_name,reason
2025-08-19T06:17:00Z,johndoe,U0059,secret,secret-ycqts,DELETE,DELETE,dev,10.0.0.22,success,delete,dashboard,,"{""apiVersion"": ""apps/v1"", ""kind"": ""Secret"", ""metadata"": {""name"": ""secret-ycqts""}}","{""status"": ""success""}",app-pod,my-container,
2025-11-26T08:04:00Z,janedoe,U0032,pod,pod-wthty,UPDATE,PATCH,default,10.0.0.120,failure,update,CI-CD-pipeline,InvalidRequest,"{""apiVersion"": ""v1"", ""kind"": ""Pod"", ""metadata"": {""name"": ""pod-wthty""}}","{""status"": ""failure""}",db-pod,init-container,update failed due to invalidrequest
2025-07-09T11:21:00Z,adminuser,U0052,deployment,deployment-yrian,DELETE,DELETE,dev,10.0.0.55,success,delete,CI-CD-pipeline,,"{""apiVersion"": ""apps/v1"", ""kind"": ""Deployment"", ""metadata"": {""name"": ""deployment-yrian""}}","{""status"": ""success""}",db-pod,sidecar-container,
2025-09-28T11:10:00Z,devuser1,U0054,secret,secret-maswu,CREATE,POST,default,10.0.0.205,failure,create,kubectl,Timeout,"{""apiVersion"": ""apps/v1"", ""kind"": ""Secret"", ""metadata"": {""name"": ""secret-maswu""}}","{""status"": ""failure""}",api-pod,init-container,create failed due to timeout
2025-09-08T13:53:00Z,adminuser,U0007,pod,pod-neplf,UPDATE,PATCH,prod,10.0.0.19,success,update,kubectl,,"{""apiVersion"": ""v1"", ""kind"": ""Pod"", ""metadata"": {""name"": ""pod-neplf""}}","{""status"": ""success""}",web-pod,nginx-container,
2025-03-06T21:28:00Z,bob,U0059,deployment,deployment-zsywm,UPDATE,PATCH,kube-system,10.0.0.194,success,update,kubelet,,"{""apiVersion"": ""apps/v1"", ""kind"": ""Deployment"", ""metadata"": {""name"": ""deployment-zsywm""}}","{""status"": ""success""}",db-pod,init-container,
2025-08-12T04:40:00Z,adminuser,U0007,deployment,deployment-agapp,CREATE,POST,kube-system,10.0.0.130,success,create,CI-CD-pipeline,,"{""apiVersion"": ""apps/v1"", ""kind"": ""Deployment"", ""metadata"": {""name"": ""deployment-agapp""}}","{""status"": ""success""}",web-pod,nginx-container,
2025-09-24T21:45:00Z,devuser1,U0007,pod,pod-intkp,UPDATE,PATCH,default,10.0.0.63,success,update,CI-CD-pipeline,,"{""apiVersion"": ""v1"", ""kind"": ""Pod"", ""metadata"": {""name"": ""pod-intkp""}}","{""status"": ""success""}",app-pod,init-container,
2025-06-23T18:11:00Z,adminuser,U0007,service,service-ccapj,CREATE,POST,prod,10.0.0.222,success,create,CI-CD-pipeline,,"{""apiVersion"": ""apps/v1"", ""kind"": ""Service"", ""metadata"": {""name"": ""service-ccapj""}}","{""status"": ""success""}",web-pod,init-container,
2025-01-25T01:44:00Z,devuser1,U0054,configmap,configmap-mhcfw,DELETE,DELETE,default,10.0.0.116,success,delete,kubectl,,"{""apiVersion"": ""apps/v1"", ""kind"": ""Configmap"", ""metadata"": {""name"": ""configmap-mhcfw""}}","{""status"": ""success""}",api-pod,my-container,
2025-05-21T01:05:00Z,janedoe,U0032,configmap,configmap-fvomc,UPDATE,PATCH,dev,10.0.0.209,failure,update,CI-CD-pipeline,Forbidden,"{""apiVersion"": ""apps/v1"", ""kind"": ""Configmap"", ""metadata"": {""name"": ""configmap-fvomc""}}","{""status"": ""failure""}",db-pod,my-container,update failed due to forbidden
2025-08-12T02:49:00Z,alice,U0054,configmap,configmap-tfwct,UPDATE,PATCH,kube-system,10.0.0.11,failure,update,CI-CD-pipeline,Timeout,"{""apiVersion"": ""apps/v1"", ""kind"": ""Configmap"", ""metadata"": {""name"": ""configmap-tfwct""}}","{""status"": ""failure""}",api-pod,sidecar-container,update failed due to timeout
2025-02-06T02:10:00Z,devuser1,U0054,configmap,configmap-zchym,UPDATE,PATCH,prod,10.0.0.151,success,update,dashboard,,"{""apiVersion"": ""apps/v1"", ""kind"": ""Configmap"", ""metadata"": {""name"": ""configmap-zchym""}}","{""status"": ""success""}",db-pod,my-container,
2025-03-13T12:43:00Z,janedoe,U0007,deployment,deployment-uaxlj,UPDATE,PATCH,prod,10.0.0.127,success,update,kubectl,,"{""apiVersion"": ""apps/v1"", ""kind"": ""Deployment"", ""metadata"": {""name"": ""deployment-uaxlj""}}","{""status"": ""success""}",db-pod,init-container,
2025-04-08T14:25:00Z,alice,U0052,secret,secret-hdrod,CREATE,POST,dev,10.0.0.59,success,create,dashboard,,"{""apiVersion"": ""apps/v1"", ""kind"": ""Secret"", ""metadata"": {""name"": ""secret-hdrod""}}","{""status"": ""success""}",api-pod,sidecar-container,
2025-06-14T10:29:00Z,adminuser,U0007,service,service-heyyk,UPDATE,PATCH,kube-system,10.0.0.125,success,update,kubelet,,"{""apiVersion"": ""apps/v1"", ""kind"": ""Service"", ""metadata"": {""name"": ""service-heyyk""}}","{""status"": ""success""}",api-pod,init-container,
2025-07-10T23:09:00Z,adminuser,U0053,service,service-dtunp,CREATE,POST,default,10.0.0.54,success,create,dashboard,,"{""apiVersion"": ""apps/v1"", ""kind"": ""Service"", ""metadata"": {""name"": ""service-dtunp""}}","{""status"": ""success""}",web-pod,nginx-container,
2025-06-12T04:25:00Z,adminuser,U0032,secret,secret-tbdpm,UPDATE,PATCH,kube-system,10.0.0.117,success,update,kubelet,,"{""apiVersion"": ""apps/v1"", ""kind"": ""Secret"", ""metadata"": {""name"": ""secret-tbdpm""}}","{""status"": ""success""}",api-pod,nginx-container,
2025-04-07T15:28:00Z,adminuser,U0052,secret,secret-cwcxq,CREATE,POST,prod,10.0.0.218,success,create,CI-CD-pipeline,,"{""apiVersion"": ""apps/v1"", ""kind"": ""Secret"", ""metadata"": {""name"": ""secret-cwcxq""}}","{""status"": ""success""}",app-pod,my-container,
2025-03-03T00:43:00Z,alice,U0032,deployment,deployment-wbigh,UPDATE,PATCH,dev,10.0.0.158,success,update,kubelet,,"{""apiVersion"": ""apps/v1"", ""kind"": ""Deployment"", ""metadata"": {""name"": ""deployment-wbigh""}}","{""status"": ""success""}",api-pod,my-container,
2025-08-26T15:09:00Z,devuser1,U0054,pod,pod-lrjhg,DELETE,DELETE,kube-system,10.0.0.240,failure,delete,dashboard,Timeout,"{""apiVersion"": ""v1"", ""kind"": ""Pod"", ""metadata"": {""name"": ""pod-lrjhg""}}","{""status"": ""failure""}",web-pod,sidecar-container,delete failed due to timeout
2025-01-13T06:46:00Z,johndoe,U0032,service,service-kpfmg,CREATE,POST,kube-system,10.0.0.126,success,create,kubectl,,"{""apiVersion"": ""apps/v1"", ""kind"": ""Service"", ""metadata"": {""name"": ""service-kpfmg""}}","{""status"": ""success""}",api-pod,nginx-container,
2025-06-02T20:52:00Z,devuser1,U0032,pod,pod-npysk,CREATE,POST,dev,10.0.0.122,success,create,kubectl,,"{""apiVersion"": ""v1"", ""kind"": ""Pod"", ""metadata"": {""name"": ""pod-npysk""}}","{""status"": ""success""}",api-pod,sidecar-container,
2025-01-26T01:17:00Z,adminuser,U0054,deployment,deployment-kublj,UPDATE,PATCH,default,10.0.0.119,success,update,dashboard,,"{""apiVersion"": ""apps/v1"", ""kind"": ""Deployment"", ""metadata"": {""name"": ""deployment-kublj""}}","{""status"": ""success""}",api-pod,sidecar-container,
2025-11-08T20:23:00Z,johndoe,U0032,service,service-plcbq,UPDATE,PATCH,prod,10.0.0.154,success,update,kubelet,,"{""apiVersion"": ""apps/v1"", ""kind"": ""Service"", ""metadata"": {""name"": ""service-plcbq""}}","{""status"": ""success""}",web-pod,my-container,
2025-12-03T06:45:00Z,devuser1,U0053,pod,pod-nnnze,DELETE,DELETE,dev,10.0.0.83,failure,delete,dashboard,Timeout,"{""apiVersion"": ""v1"", ""kind"": ""Pod"", ""metadata"": {""name"": ""pod-nnnze""}}","{""status"": ""failure""}",web-pod,nginx-container,delete failed due to timeout
2025-02-13T20:50:00Z,johndoe,U0052,configmap,configmap-mmpno,UPDATE,PATCH,dev,10.0.0.68,success,update,CI-CD-pipeline,,"{""apiVersion"": ""apps/v1"", ""kind"": ""Configmap"", ""metadata"": {""name"": ""configmap-mmpno""}}","{""status"": ""success""}",api-pod,nginx-container,
2025-09-27T12:40:00Z,alice,U0054,configmap,configmap-mraga,DELETE,DELETE,prod,10.0.0.129,success,delete,kubelet,,"{""apiVersion"": ""apps/v1"", ""kind"": ""Configmap"", ""metadata"": {""name"": ""configmap-mraga""}}","{""status"": ""success""}",web-pod,nginx-container,
2025-10-31T19:46:00Z,devuser1,U0054,pod,pod-ombbw,DELETE,DELETE,prod,10.0.0.113,success,delete,dashboard,,"{""apiVersion"": ""v1"", ""kind"": ""Pod"", ""metadata"": {""name"": ""pod-ombbw""}}","{""status"": ""success""}",api-pod,my-container,
2025-09-12T07:30:00Z,devuser1,U0007,service,service-aqshf,CREATE,POST,prod,10.0.0.38,success,create,dashboard,,"{""apiVersion"": ""apps/v1"", ""kind"": ""Service"", ""metadata"": {""name"": ""service-aqshf""}}","{""status"": ""success""}",web-pod,sidecar-container,
2025-10-05T10:58:00Z,alice,U0032,pod,pod-wrefb,CREATE,POST,kube-system,10.0.0.152,success,create,CI-CD-pipeline,,"{""apiVersion"": ""v1"", ""kind"": ""Pod"", ""metadata"": {""name"": ""pod-wrefb""}}","{""status"": ""success""}",db-pod,my-container,
2025-11-21T08:38:00Z,johndoe,U0052,service,service-ipnmq,DELETE,DELETE,kube-system,10.0.0.99,success,delete,kubelet,,"{""apiVersion"": ""apps/v1"", ""kind"": ""Service"", ""metadata"": {""name"": ""service-ipnmq""}}","{""status"": ""success""}",db-pod,my-container,
2025-10-15T18:16:00Z,alice,U0059,pod,pod-eohtk,DELETE,DELETE,prod,10.0.0.226,failure,delete,kubelet,Timeout,"{""apiVersion"": ""v1"", ""kind"": ""Pod"", ""metadata"": {""name"": ""pod-eohtk""}}","{""status"": ""failure""}",web-pod,nginx-container,delete failed due to timeout
2025-06-29T18:09:00Z,johndoe,U0032,service,service-hkjnq,CREATE,POST,kube-system,10.0.0.47,success,create,kubelet,,"{""apiVersion"": ""apps/v1"", ""kind"": ""Service"", ""metadata"": {""name"": ""service-hkjnq""}}","{""status"": ""success""}",api-pod,nginx-container,
2025-01-25T18:21:00Z,bob,U0059,pod,pod-drxrb,CREATE,POST,default,10.0.0.155,success,create,dashboard,,"{""apiVersion"": ""v1"", ""kind"": ""Pod"", ""metadata"": {""name"": ""pod-drxrb""}}","{""status"": ""success""}",db-pod,sidecar-container,
2025-02-27T17:26:00Z,bob,U0059,configmap,configmap-ikftv,UPDATE,PATCH,dev,10.0.0.233,success,update,kubelet,,"{""apiVersion"": ""apps/v1"", ""kind"": ""Configmap"", ""metadata"": {""name"": ""configmap-ikftv""}}","{""status"": ""success""}",db-pod,sidecar-container,
2025-07-20T02:43:00Z,janedoe,U0054,secret,secret-dncaf,CREATE,POST,dev,10.0.0.208,success,create,dashboard,,"{""apiVersion"": ""apps/v1"", ""kind"": ""Secret"", ""metadata"": {""name"": ""secret-dncaf""}}","{""status"": ""success""}",web-pod,my-container,
2025-06-14T21:17:00Z,bob,U0032,configmap,configmap-anndt,CREATE,POST,default,10.0.0.117,success,create,dashboard,,"{""apiVersion"": ""apps/v1"", ""kind"": ""Configmap"", ""metadata"": {""name"": ""configmap-anndt""}}","{""status"": ""success""}",db-pod,my-container,
2025-08-02T08:41:00Z,adminuser,U0059,deployment,deployment-dpczr,UPDATE,PATCH,prod,10.0.0.66,failure,update,dashboard,InvalidRequest,"{""apiVersion"": ""apps/v1"", ""kind"": ""Deployment"", ""metadata"": {""name"": ""deployment-dpczr""}}","{""status"": ""failure""}",api-pod,my-container,update failed due to invalidrequest
2025-02-03T01:33:00Z,bob,U0054,deployment,deployment-ytyrb,CREATE,POST,default,10.0.0.49,failure,create,dashboard,Timeout,"{""apiVersion"": ""apps/v1"", ""kind"": ""Deployment"", ""metadata"": {""name"": ""deployment-ytyrb""}}","{""status"": ""failure""}",web-pod,init-container,create failed due to timeout
2025-09-14T15:40:00Z,bob,U0007,deployment,deployment-sxtax,CREATE,POST,dev,10.0.0.117,success,create,kubelet,,"{""apiVersion"": ""apps/v1"", ""kind"": ""Deployment"", ""metadata"": {""name"": ""deployment-sxtax""}}","{""status"": ""success""}",app-pod,init-container,
2025-02-02T19:35:00Z,devuser1,U0059,configmap,configmap-wajws,UPDATE,PATCH,prod,10.0.0.206,success,update,dashboard,,"{""apiVersion"": ""apps/v1"", ""kind"": ""Configmap"", ""metadata"": {""name"": ""configmap-wajws""}}","{""status"": ""success""}",app-pod,nginx-container,
2025-08-26T21:38:00Z,johndoe,U0059,service,service-foqpx,DELETE,DELETE,dev,10.0.0.91,success,delete,kubectl,,"{""apiVersion"": ""apps/v1"", ""kind"": ""Service"", ""metadata"": {""name"": ""service-foqpx""}}","{""status"": ""success""}",db-pod,sidecar-container,
2025-07-05T04:06:00Z,alice,U0059,pod,pod-hfbrx,UPDATE,PATCH,kube-system,10.0.0.137,success,update,CI-CD-pipeline,,"{""apiVersion"": ""v1"", ""kind"": ""Pod"", ""metadata"": {""name"": ""pod-hfbrx""}}","{""status"": ""success""}",web-pod,nginx-container,
2025-06-13T03:37:00Z,johndoe,U0052,secret,secret-jeeln,UPDATE,PATCH,default,10.0.0.31,success,update,kubelet,,"{""apiVersion"": ""apps/v1"", ""kind"": ""Secret"", ""metadata"": {""name"": ""secret-jeeln""}}","{""status"": ""success""}",web-pod,my-container,
2025-05-25T07:50:00Z,janedoe,U0053,secret,secret-xqqnj,CREATE,POST,dev,10.0.0.161,success,create,kubectl,,"{""apiVersion"": ""apps/v1"", ""kind"": ""Secret"", ""metadata"": {""name"": ""secret-xqqnj""}}","{""status"": ""success""}",app-pod,init-container,
2025-06-01T03:32:00Z,janedoe,U0032,deployment,deployment-jfaqk,UPDATE,PATCH,kube-system,10.0.0.224,success,update,dashboard,,"{""apiVersion"": ""apps/v1"", ""kind"": ""Deployment"", ""metadata"": {""name"": ""deployment-jfaqk""}}","{""status"": ""success""}",db-pod,sidecar-container,
2025-11-19T08:57:00Z,adminuser,U0054,deployment,deployment-upwqc,DELETE,DELETE,kube-system,10.0.0.137,success,delete,kubectl,,"{""apiVersion"": ""apps/v1"", ""kind"": ""Deployment"", ""metadata"": {""name"": ""deployment-upwqc""}}","{""status"": ""success""}",api-pod,my-container,
2025-05-14T17:04:00Z,bob,U0052,configmap,configmap-modju,CREATE,POST,prod,10.0.0.198,success,create,dashboard,,"{""apiVersion"": ""apps/v1"", ""kind"": ""Configmap"", ""metadata"": {""name"": ""configmap-modju""}}","{""status"": ""success""}",app-pod,nginx-container,
2025-09-21T16:16:00Z,alice,U0032,pod,pod-fzsze,UPDATE,PATCH,prod,10.0.0.130,success,update,kubectl,,"{""apiVersion"": ""v1"", ""kind"": ""Pod"", ""metadata"": {""name"": ""pod-fzsze""}}","{""status"": ""success""}",web-pod,my-container,
2025-06-03T14:47:00Z,bob,U0054,service,service-dclzd,UPDATE,PATCH,kube-system,10.0.0.105,success,update,dashboard,,"{""apiVersion"": ""apps/v1"", ""kind"": ""Service"", ""metadata"": {""name"": ""service-dclzd""}}","{""status"": ""success""}",api-pod,init-container,
2025-11-28T16:52:00Z,alice,U0059,service,service-vqcig,CREATE,POST,prod,10.0.0.133,failure,create,dashboard,Unauthorized,"{""apiVersion"": ""apps/v1"", ""kind"": ""Service"", ""metadata"": {""name"": ""service-vqcig""}}","{""status"": ""failure""}",app-pod,my-container,create failed due to unauthorized
2025-06-11T06:17:00Z,johndoe,U0059,configmap,configmap-gmhzz,CREATE,POST,kube-system,10.0.0.130,success,create,kubectl,,"{""apiVersion"": ""apps/v1"", ""kind"": ""Configmap"", ""metadata"": {""name"": ""configmap-gmhzz""}}","{""status"": ""success""}",app-pod,init-container,
2025-08-23T17:51:00Z,alice,U0032,service,service-ngczf,UPDATE,PATCH,prod,10.0.0.213,failure,update,kubectl,Forbidden,"{""apiVersion"": ""apps/v1"", ""kind"": ""Service"", ""metadata"": {""name"": ""service-ngczf""}}","{""status"": ""failure""}",web-pod,nginx-container,update failed due to forbidden
2025-11-05T20:03:00Z,adminuser,U0059,secret,secret-bovkv,UPDATE,PATCH,kube-system,10.0.0.228,success,update,CI-CD-pipeline,,"{""apiVersion"": ""apps/v1"", ""kind"": ""Secret"", ""metadata"": {""name"": ""secret-bovkv""}}","{""status"": ""success""}",api-pod,sidecar-container,
2025-05-28T01:41:00Z,devuser1,U0054,service,service-cgzcd,DELETE,DELETE,default,10.0.0.22,failure,delete,kubectl,Forbidden,"{""apiVersion"": ""apps/v1"", ""kind"": ""Service"", ""metadata"": {""name"": ""service-cgzcd""}}","{""status"": ""failure""}",web-pod,nginx-container,delete failed due to forbidden
2025-06-14T08:39:00Z,bob,U0053,secret,secret-xoxci,UPDATE,PATCH,default,10.0.0.172,success,update,kubectl,,"{""apiVersion"": ""apps/v1"", ""kind"": ""Secret"", ""metadata"": {""name"": ""secret-xoxci""}}","{""status"": ""success""}",api-pod,init-container,
2025-08-28T05:25:00Z,adminuser,U0054,deployment,deployment-xbvaj,DELETE,DELETE,default,10.0.0.78,success,delete,dashboard,,"{""apiVersion"": ""apps/v1"", ""kind"": ""Deployment"", ""metadata"": {""name"": ""deployment-xbvaj""}}","{""status"": ""success""}",db-pod,nginx-container,
2025-12-08T03:40:00Z,janedoe,U0052,deployment,deployment-nwoxp,UPDATE,PATCH,dev,10.0.0.160,success,update,dashboard,,"{""apiVersion"": ""apps/v1"", ""kind"": ""Deployment"", ""metadata"": {""name"": ""deployment-nwoxp""}}","{""status"": ""success""}",app-pod,nginx-container,
2025-05-12T03:42:00Z,devuser1,U0053,deployment,deployment-fqike,DELETE,DELETE,dev,10.0.0.163,success,delete,CI-CD-pipeline,,"{""apiVersion"": ""apps/v1"", ""kind"": ""Deployment"", ""metadata"": {""name"": ""deployment-fqike""}}","{""status"": ""success""}",db-pod,sidecar-container,
2025-07-24T15:31:00Z,janedoe,U0032,secret,secret-pvgli,UPDATE,PATCH,default,10.0.0.194,success,update,kubectl,,"{""apiVersion"": ""apps/v1"", ""kind"": ""Secret"", ""metadata"": {""name"": ""secret-pvgli""}}","{""status"": ""success""}",web-pod,nginx-container,
2025-02-18T14:30:00Z,bob,U0032,deployment,deployment-qwlnj,CREATE,POST,kube-system,10.0.0.141,failure,create,kubelet,Timeout,"{""apiVersion"": ""apps/v1"", ""kind"": ""Deployment"", ""metadata"": {""name"": ""deployment-qwlnj""}}","{""status"": ""failure""}",api-pod,init-container,create failed due to timeout
2025-05-02T22:55:00Z,bob,U0052,pod,pod-fiocj,CREATE,POST,default,10.0.0.144,success,create,dashboard,,"{""apiVersion"": ""v1"", ""kind"": ""Pod"", ""metadata"": {""name"": ""pod-fiocj""}}","{""status"": ""success""}",web-pod,nginx-container,
2025-07-18T18:37:00Z,alice,U0032,service,service-mrqlr,CREATE,POST,dev,10.0.0.213,success,create,dashboard,,"{""apiVersion"": ""apps/v1"", ""kind"": ""Service"", ""metadata"": {""name"": ""service-mrqlr""}}","{""status"": ""success""}",api-pod,init-container,
2025-07-06T19:16:00Z,adminuser,U0052,configmap,configmap-afmft,CREATE,POST,prod,10.0.0.165,success,create,kubelet,,"{""apiVersion"": ""apps/v1"", ""kind"": ""Configmap"", ""metadata"": {""name"": ""configmap-afmft""}}","{""status"": ""success""}",db-pod,nginx-container,
2025-03-10T18:11:00Z,devuser1,U0032,configmap,configmap-stzgp,DELETE,DELETE,prod,10.0.0.205,success,delete,dashboard,,"{""apiVersion"": ""apps/v1"", ""kind"": ""Configmap"", ""metadata"": {""name"": ""configmap-stzgp""}}","{""status"": ""success""}",db-pod,sidecar-container,
2025-01-28T01:15:00Z,devuser1,U0032,pod,pod-wfadc,DELETE,DELETE,prod,10.0.0.161,success,delete,dashboard,,"{""apiVersion"": ""v1"", ""kind"": ""Pod"", ""metadata"": {""name"": ""pod-wfadc""}}","{""status"": ""success""}",db-pod,init-container,
2025-02-19T16:59:00Z,devuser1,U0052,deployment,deployment-luprf,CREATE,POST,kube-system,10.0.0.242,success,create,kubelet,,"{""apiVersion"": ""apps/v1"", ""kind"": ""Deployment"", ""metadata"": {""name"": ""deployment-luprf""}}","{""status"": ""success""}",web-pod,nginx-container,
2025-10-03T12:53:00Z,bob,U0059,pod,pod-tssjf,DELETE,DELETE,prod,10.0.0.64,success,delete,CI-CD-pipeline,,"{""apiVersion"": ""v1"", ""kind"": ""Pod"", ""metadata"": {""name"": ""pod-tssjf""}}","{""status"": ""success""}",web-pod,my-container,
2025-01-28T07:45:00Z,devuser1,U0053,pod,pod-khrjc,UPDATE,PATCH,kube-system,10.0.0.203,success,update,CI-CD-pipeline,,"{""apiVersion"": ""v1"", ""kind"": ""Pod"", ""metadata"": {""name"": ""pod-khrjc""}}","{""status"": ""success""}",api-pod,nginx-container,
2025-12-14T01:41:00Z,johndoe,U0032,service,service-aphqr,DELETE,DELETE,default,10.0.0.115,success,delete,kubectl,,"{""apiVersion"": ""apps/v1"", ""kind"": ""Service"", ""metadata"": {""name"": ""service-aphqr""}}","{""status"": ""success""}",app-pod,sidecar-container,
2025-08-11T01:30:00Z,bob,U0007,configmap,configmap-lsnia,CREATE,POST,dev,10.0.0.153,success,create,dashboard,,"{""apiVersion"": ""apps/v1"", ""kind"": ""Configmap"", ""metadata"": {""name"": ""configmap-lsnia""}}","{""status"": ""success""}",db-pod,sidecar-container,
2025-08-27T05:05:00Z,adminuser,U0032,configmap,configmap-aghao,DELETE,DELETE,dev,10.0.0.129,failure,delete,CI-CD-pipeline,Timeout,"{""apiVersion"": ""apps/v1"", ""kind"": ""Configmap"", ""metadata"": {""name"": ""configmap-aghao""}}","{""status"": ""failure""}",api-pod,my-container,delete failed due to timeout
2025-10-07T20:54:00Z,janedoe,U0054,service,service-viuov,DELETE,DELETE,dev,10.0.0.47,success,delete,kubectl,,"{""apiVersion"": ""apps/v1"", ""kind"": ""Service"", ""metadata"": {""name"": ""service-viuov""}}","{""status"": ""success""}",db-pod,sidecar-container,
2025-11-02T21:05:00Z,bob,U0059,pod,pod-sztrz,UPDATE,PATCH,default,10.0.0.82,success,update,CI-CD-pipeline,,"{""apiVersion"": ""v1"", ""kind"": ""Pod"", ""metadata"": {""name"": ""pod-sztrz""}}","{""status"": ""success""}",app-pod,my-container,
2025-06-12T20:15:00Z,johndoe,U0053,service,service-agtxf,CREATE,POST,kube-system,10.0.0.34,success,create,CI-CD-pipeline,,"{""apiVersion"": ""apps/v1"", ""kind"": ""Service"", ""metadata"": {""name"": ""service-agtxf""}}","{""status"": ""success""}",web-pod,my-container,
2025-10-10T18:44:00Z,adminuser,U0053,deployment,deployment-ngcqc,CREATE,POST,dev,10.0.0.242,success,create,dashboard,,"{""apiVersion"": ""apps/v1"", ""kind"": ""Deployment"", ""metadata"": {""name"": ""deployment-ngcqc""}}","{""status"": ""success""}",web-pod,sidecar-container,
2025-10-14T12:27:00Z,alice,U0032,secret,secret-erkzq,CREATE,POST,kube-system,10.0.0.83,success,create,dashboard,,"{""apiVersion"": ""apps/v1"", ""kind"": ""Secret"", ""metadata"": {""name"": ""secret-erkzq""}}","{""status"": ""success""}",app-pod,sidecar-container,
2025-07-23T17:02:00Z,devuser1,U0052,secret,secret-ofoqy,UPDATE,PATCH,default,10.0.0.204,success,update,dashboard,,"{""apiVersion"": ""apps/v1"", ""kind"": ""Secret"", ""metadata"": {""name"": ""secret-ofoqy""}}","{""status"": ""success""}",web-pod,nginx-container,
2025-08-12T02:41:00Z,adminuser,U0052,service,service-zxnwc,UPDATE,PATCH,default,10.0.0.57,success,update,CI-CD-pipeline,,"{""apiVersion"": ""apps/v1"", ""kind"": ""Service"", ""metadata"": {""name"": ""service-zxnwc""}}","{""status"": ""success""}",api-pod,sidecar-container,
2025-03-15T11:28:00Z,alice,U0052,service,service-ybqtu,DELETE,DELETE,kube-system,10.0.0.238,success,delete,CI-CD-pipeline,,"{""apiVersion"": ""apps/v1"", ""kind"": ""Service"", ""metadata"": {""name"": ""service-ybqtu""}}","{""status"": ""success""}",api-pod,sidecar-container,
2025-11-08T08:15:00Z,alice,U0032,deployment,deployment-padxb,CREATE,POST,dev,10.0.0.226,success,create,kubectl,,"{""apiVersion"": ""apps/v1"", ""kind"": ""Deployment"", ""metadata"": {""name"": ""deployment-padxb""}}","{""status"": ""success""}",web-pod,nginx-container,
2025-12-23T22:31:00Z,alice,U0007,service,service-dstyv,DELETE,DELETE,dev,10.0.0.77,success,delete,kubelet,,"{""apiVersion"": ""apps/v1"", ""kind"": ""Service"", ""metadata"": {""name"": ""service-dstyv""}}","{""status"": ""success""}",app-pod,sidecar-container,
2025-06-16T14:03:00Z,adminuser,U0053,configmap,configmap-mlufy,CREATE,POST,dev,10.0.0.110,success,create,kubelet,,"{""apiVersion"": ""apps/v1"", ""kind"": ""Configmap"", ""metadata"": {""name"": ""configmap-mlufy""}}","{""status"": ""success""}",api-pod,my-container,
2025-10-13T21:19:00Z,janedoe,U0007,deployment,deployment-lpryy,UPDATE,PATCH,kube-system,10.0.0.3,success,update,dashboard,,"{""apiVersion"": ""apps/v1"", ""kind"": ""Deployment"", ""metadata"": {""name"": ""deployment-lpryy""}}","{""status"": ""success""}",api-pod,sidecar-container,
2025-07-09T02:21:00Z,bob,U0059,service,service-hidcr,UPDATE,PATCH,dev,10.0.0.190,success,update,kubelet,,"{""apiVersion"": ""apps/v1"", ""kind"": ""Service"", ""metadata"": {""name"": ""service-hidcr""}}","{""status"": ""success""}",db-pod,init-container,
2025-11-29T20:45:00Z,janedoe,U0053,pod,pod-bdgwe,CREATE,POST,dev,10.0.0.163,success,create,dashboard,,"{""apiVersion"": ""v1"", ""kind"": ""Pod"", ""metadata"": {""name"": ""pod-bdgwe""}}","{""status"": ""success""}",web-pod,sidecar-container,
2025-10-24T07:49:00Z,adminuser,U0053,pod,pod-osmfl,CREATE,POST,kube-system,10.0.0.35,success,create,CI-CD-pipeline,,"{""apiVersion"": ""v1"", ""kind"": ""Pod"", ""metadata"": {""name"": ""pod-osmfl""}}","{""status"": ""success""}",web-pod,nginx-container,
2025-11-07T04:54:00Z,devuser1,U0052,configmap,configmap-gpbmk,DELETE,DELETE,default,10.0.0.35,success,delete,dashboard,,"{""apiVersion"": ""apps/v1"", ""kind"": ""Configmap"", ""metadata"": {""name"": ""configmap-gpbmk""}}","{""status"": ""success""}",api-pod,init-container,
2025-10-17T08:22:00Z,devuser1,U0007,configmap,configmap-irtpl,UPDATE,PATCH,kube-system,10.0.0.127,success,update,CI-CD-pipeline,,"{""apiVersion"": ""apps/v1"", ""kind"": ""Configmap"", ""metadata"": {""name"": ""configmap-irtpl""}}","{""status"": ""success""}",web-pod,nginx-container,
2025-09-16T13:36:00Z,johndoe,U0032,secret,secret-xdhsi,DELETE,DELETE,kube-system,10.0.0.87,success,delete,CI-CD-pipeline,,"{""apiVersion"": ""apps/v1"", ""kind"": ""Secret"", ""metadata"": {""name"": ""secret-xdhsi""}}","{""status"": ""success""}",api-pod,my-container,
2025-10-13T04:10:00Z,alice,U0054,configmap,configmap-xstsj,CREATE,POST,default,10.0.0.181,success,create,dashboard,,"{""apiVersion"": ""apps/v1"", ""kind"": ""Configmap"", ""metadata"": {""name"": ""configmap-xstsj""}}","{""status"": ""success""}",web-pod,sidecar-container,
2025-09-28T02:08:00Z,devuser1,U0059,secret,secret-qptic,CREATE,POST,prod,10.0.0.145,failure,create,kubectl,Unauthorized,"{""apiVersion"": ""apps/v1"", ""kind"": ""Secret"", ""metadata"": {""name"": ""secret-qptic""}}","{""status"": ""failure""}",api-pod,init-container,create failed due to unauthorized
2025-04-16T09:57:00Z,johndoe,U0032,pod,pod-kqwzo,CREATE,POST,dev,10.0.0.42,success,create,kubectl,,"{""apiVersion"": ""v1"", ""kind"": ""Pod"", ""metadata"": {""name"": ""pod-kqwzo""}}","{""status"": ""success""}",app-pod,init-container,
2025-06-03T09:09:00Z,alice,U0054,secret,secret-aalaf,DELETE,DELETE,prod,10.0.0.10,failure,delete,dashboard,InvalidRequest,"{""apiVersion"": ""apps/v1"", ""kind"": ""Secret"", ""metadata"": {""name"": ""secret-aalaf""}}","{""status"": ""failure""}",app-pod,sidecar-container,delete failed due to invalidrequest
2025-03-28T22:18:00Z,alice,U0054,configmap,configmap-puklu,CREATE,POST,kube-system,10.0.0.91,success,create,CI-CD-pipeline,,"{""apiVersion"": ""apps/v1"", ""kind"": ""Configmap"", ""metadata"": {""name"": ""configmap-puklu""}}","{""status"": ""success""}",db-pod,sidecar-container,
2025-01-13T17:24:00Z,johndoe,U0054,pod,pod-fdfgd,CREATE,POST,dev,10.0.0.171,success,create,dashboard,,"{""apiVersion"": ""v1"", ""kind"": ""Pod"", ""metadata"": {""name"": ""pod-fdfgd""}}","{""status"": ""success""}",api-pod,sidecar-container,
2025-09-10T10:23:00Z,johndoe,U0054,service,service-sxaof,UPDATE,PATCH,prod,10.0.0.31,success,update,kubelet,,"{""apiVersion"": ""apps/v1"", ""kind"": ""Service"", ""metadata"": {""name"": ""service-sxaof""}}","{""status"": ""success""}",api-pod,nginx-container,
2025-03-12T10:52:00Z,bob,U0052,secret,secret-jrmns,CREATE,POST,dev,10.0.0.32,success,create,CI-CD-pipeline,,"{""apiVersion"": ""apps/v1"", ""kind"": ""Secret"", ""metadata"": {""name"": ""secret-jrmns""}}","{""status"": ""success""}",db-pod,sidecar-container,
2025-11-13T03:50:00Z,johndoe,U0007,configmap,configmap-bsify,DELETE,DELETE,default,10.0.0.64,success,delete,CI-CD-pipeline,,"{""apiVersion"": ""apps/v1"", ""kind"": ""Configmap"", ""metadata"": {""name"": ""configmap-bsify""}}","{""status"": ""success""}",db-pod,sidecar-container,
2025-05-26T12:18:00Z,johndoe,U0052,secret,secret-gqady,UPDATE,PATCH,dev,10.0.0.35,success,update,kubelet,,"{""apiVersion"": ""apps/v1"", ""kind"": ""Secret"", ""metadata"": {""name"": ""secret-gqady""}}","{""status"": ""success""}",web-pod,sidecar-container,
2025-03-02T03:02:00Z,devuser1,U0052,pod,pod-pjiqh,UPDATE,PATCH,kube-system,10.0.0.94,success,update,kubelet,,"{""apiVersion"": ""v1"", ""kind"": ""Pod"", ""metadata"": {""name"": ""pod-pjiqh""}}","{""status"": ""success""}",db-pod,my-container,
2025-10-06T07:52:00Z,alice,U0053,pod,pod-yducq,UPDATE,PATCH,default,10.0.0.6,success,update,CI-CD-pipeline,,"{""apiVersion"": ""v1"", ""kind"": ""Pod"", ""metadata"": {""name"": ""pod-yducq""}}","{""status"": ""success""}",api-pod,nginx-container,
2025-03-31T12:42:00Z,johndoe,U0059,service,service-cfmyj,CREATE,POST,dev,10.0.0.90,success,create,CI-CD-pipeline,,"{""apiVersion"": ""apps/v1"", ""kind"": ""Service"", ""metadata"": {""name"": ""service-cfmyj""}}","{""status"": ""success""}",app-pod,nginx-container,
2025-04-10T02:41:00Z,johndoe,U0007,configmap,configmap-oygiu,UPDATE,PATCH,default,10.0.0.72,success,update,dashboard,,"{""apiVersion"": ""apps/v1"", ""kind"": ""Configmap"", ""metadata"": {""name"": ""configmap-oygiu""}}","{""status"": ""success""}",app-pod,my-container,
2025-09-02T11:04:00Z,johndoe,U0052,deployment,deployment-diakv,CREATE,POST,prod,10.0.0.60,success,create,kubelet,,"{""apiVersion"": ""apps/v1"", ""kind"": ""Deployment"", ""metadata"": {""name"": ""deployment-diakv""}}","{""status"": ""success""}",app-pod,my-container,
2025-09-24T15:16:00Z,bob,U0053,pod,pod-vfuob,CREATE,POST,dev,10.0.0.39,success,create,kubelet,,"{""apiVersion"": ""v1"", ""kind"": ""Pod"", ""metadata"": {""name"": ""pod-vfuob""}}","{""status"": ""success""}",db-pod,my-container,
2025-03-02T01:59:00Z,devuser1,U0054,pod,pod-hwuca,CREATE,POST,kube-system,10.0.0.214,success,create,CI-CD-pipeline,,"{""apiVersion"": ""v1"", ""kind"": ""Pod"", ""metadata"": {""name"": ""pod-hwuca""}}","{""status"": ""success""}",app-pod,nginx-container,
2025-02-28T01:34:00Z,johndoe,U0007,deployment,deployment-xhews,CREATE,POST,kube-system,10.0.0.134,success,create,kubectl,,"{""apiVersion"": ""apps/v1"", ""kind"": ""Deployment"", ""metadata"": {""name"": ""deployment-xhews""}}","{""status"": ""success""}",db-pod,my-container,
2025-08-08T17:13:00Z,janedoe,U0032,pod,pod-sfmrs,UPDATE,PATCH,default,10.0.0.138,success,update,kubectl,,"{""apiVersion"": ""v1"", ""kind"": ""Pod"", ""metadata"": {""name"": ""pod-sfmrs""}}","{""status"": ""success""}",web-pod,nginx-container,
2025-02-14T02:10:00Z,adminuser,U0054,configmap,configmap-uurnr,DELETE,DELETE,kube-system,10.0.0.9,success,delete,kubectl,,"{""apiVersion"": ""apps/v1"", ""kind"": ""Configmap"", ""metadata"": {""name"": ""configmap-uurnr""}}","{""status"": ""success""}",db-pod,sidecar-container,
2025-02-13T06:09:00Z,bob,U0052,secret,secret-gnhdl,DELETE,DELETE,dev,10.0.0.31,success,delete,CI-CD-pipeline,,"{""apiVersion"": ""apps/v1"", ""kind"": ""Secret"", ""metadata"": {""name"": ""secret-gnhdl""}}","{""status"": ""success""}",api-pod,init-container,
2025-07-07T10:54:00Z,janedoe,U0007,configmap,configmap-kudnl,CREATE,POST,prod,10.0.0.85,success,create,kubectl,,"{""apiVersion"": ""apps/v1"", ""kind"": ""Configmap"", ""metadata"": {""name"": ""configmap-kudnl""}}","{""status"": ""success""}",db-pod,nginx-container,
2025-06-03T19:18:00Z,devuser1,U0053,pod,pod-qtyiy,UPDATE,PATCH,prod,10.0.0.190,success,update,kubelet,,"{""apiVersion"": ""v1"", ""kind"": ""Pod"", ""metadata"": {""name"": ""pod-qtyiy""}}","{""status"": ""success""}",db-pod,my-container,
2025-05-27T21:35:00Z,bob,U0054,deployment,deployment-byutd,DELETE,DELETE,dev,10.0.0.65,success,delete,CI-CD-pipeline,,"{""apiVersion"": ""apps/v1"", ""kind"": ""Deployment"", ""metadata"": {""name"": ""deployment-byutd""}}","{""status"": ""success""}",db-pod,sidecar-container,
2025-07-06T20:28:00Z,alice,U0007,pod,pod-akrvn,DELETE,DELETE,dev,10.0.0.127,success,delete,kubelet,,"{""apiVersion"": ""v1"", ""kind"": ""Pod"", ""metadata"": {""name"": ""pod-akrvn""}}","{""status"": ""success""}",web-pod,nginx-container,
2025-10-31T21:11:00Z,johndoe,U0053,configmap,configmap-zrutb,CREATE,POST,kube-system,10.0.0.207,success,create,CI-CD-pipeline,,"{""apiVersion"": ""apps/v1"", ""kind"": ""Configmap"", ""metadata"": {""name"": ""configmap-zrutb""}}","{""status"": ""success""}",web-pod,sidecar-container,
2025-12-22T10:39:00Z,devuser1,U0052,secret,secret-lpjvj,CREATE,POST,default,10.0.0.28,success,create,CI-CD-pipeline,,"{""apiVersion"": ""apps/v1"", ""kind"": ""Secret"", ""metadata"": {""name"": ""secret-lpjvj""}}","{""status"": ""success""}",api-pod,sidecar-container,
2025-02-02T14:09:00Z,devuser1,U0007,configmap,configmap-jpzyu,CREATE,POST,prod,10.0.0.156,success,create,kubectl,,"{""apiVersion"": ""apps/v1"", ""kind"": ""Configmap"", ""metadata"": {""name"": ""configmap-jpzyu""}}","{""status"": ""success""}",db-pod,init-container,
2025-08-07T00:25:00Z,alice,U0032,service,service-egtta,UPDATE,PATCH,kube-system,10.0.0.95,failure,update,CI-CD-pipeline,InvalidRequest,"{""apiVersion"": ""apps/v1"", ""kind"": ""Service"", ""metadata"": {""name"": ""service-egtta""}}","{""status"": ""failure""}",api-pod,nginx-container,update failed due to invalidrequest
2025-07-25T12:07:00Z,johndoe,U0032,configmap,configmap-rsemq,UPDATE,PATCH,default,10.0.0.136,success,update,CI-CD-pipeline,,"{""apiVersion"": ""apps/v1"", ""kind"": ""Configmap"", ""metadata"": {""name"": ""configmap-rsemq""}}","{""status"": ""success""}",api-pod,init-container,
2025-12-16T04:55:00Z,janedoe,U0054,secret,secret-bailm,UPDATE,PATCH,dev,10.0.0.126,success,update,kubelet,,"{""apiVersion"": ""apps/v1"", ""kind"": ""Secret"", ""metadata"": {""name"": ""secret-bailm""}}","{""status"": ""success""}",db-pod,my-container,
2025-06-10T18:49:00Z,johndoe,U0054,secret,secret-ltwcc,CREATE,POST,prod,10.0.0.18,success,create,dashboard,,"{""apiVersion"": ""apps/v1"", ""kind"": ""Secret"", ""metadata"": {""name"": ""secret-ltwcc""}}","{""status"": ""success""}",api-pod,init-container,
2025-02-14T03:13:00Z,bob,U0052,secret,secret-ghzjs,DELETE,DELETE,prod,10.0.0.56,failure,delete,kubectl,Timeout,"{""apiVersion"": ""apps/v1"", ""kind"": ""Secret"", ""metadata"": {""name"": ""secret-ghzjs""}}","{""status"": ""failure""}",web-pod,init-container,delete failed due to timeout
2025-04-26T11:40:00Z,devuser1,U0032,pod,pod-udcdu,UPDATE,PATCH,prod,10.0.0.81,success,update,CI-CD-pipeline,,"{""apiVersion"": ""v1"", ""kind"": ""Pod"", ""metadata"": {""name"": ""pod-udcdu""}}","{""status"": ""success""}",web-pod,sidecar-container,
2025-12-08T19:39:00Z,adminuser,U0052,deployment,deployment-wiuse,DELETE,DELETE,default,10.0.0.33,success,delete,kubelet,,"{""apiVersion"": ""apps/v1"", ""kind"": ""Deployment"", ""metadata"": {""name"": ""deployment-wiuse""}}","{""status"": ""success""}",app-pod,nginx-container,
2025-07-13T13:04:00Z,devuser1,U0032,service,service-zkizf,UPDATE,PATCH,kube-system,10.0.0.227,failure,update,kubectl,Forbidden,"{""apiVersion"": ""apps/v1"", ""kind"": ""Service"", ""metadata"": {""name"": ""service-zkizf""}}","{""status"": ""failure""}",api-pod,my-container,update failed due to forbidden
2025-01-31T06:50:00Z,johndoe,U0032,secret,secret-hyhdi,CREATE,POST,kube-system,10.0.0.20,success,create,kubectl,,"{""apiVersion"": ""apps/v1"", ""kind"": ""Secret"", ""metadata"": {""name"": ""secret-hyhdi""}}","{""status"": ""success""}",web-pod,my-container,
2025-07-01T14:34:00Z,bob,U0032,pod,pod-pdwdc,UPDATE,PATCH,kube-system,10.0.0.116,success,update,CI-CD-pipeline,,"{""apiVersion"": ""v1"", ""kind"": ""Pod"", ""metadata"": {""name"": ""pod-pdwdc""}}","{""status"": ""success""}",api-pod,sidecar-container,
2025-06-06T13:29:00Z,bob,U0053,pod,pod-onfnl,DELETE,DELETE,default,10.0.0.229,success,delete,CI-CD-pipeline,,"{""apiVersion"": ""v1"", ""kind"": ""Pod"", ""metadata"": {""name"": ""pod-onfnl""}}","{""status"": ""success""}",app-pod,my-container,
2025-05-26T19:34:00Z,bob,U0053,service,service-ubtev,UPDATE,PATCH,dev,10.0.0.179,success,update,CI-CD-pipeline,,"{""apiVersion"": ""apps/v1"", ""kind"": ""Service"", ""metadata"": {""name"": ""service-ubtev""}}","{""status"": ""success""}",api-pod,nginx-container,
2025-02-03T10:37:00Z,janedoe,U0053,secret,secret-tfgjv,UPDATE,PATCH,dev,10.0.0.217,success,update,kubelet,,"{""apiVersion"": ""apps/v1"", ""kind"": ""Secret"", ""metadata"": {""name"": ""secret-tfgjv""}}","{""status"": ""success""}",app-pod,init-container,
2025-03-03T10:14:00Z,janedoe,U0032,service,service-efcfg,DELETE,DELETE,kube-system,10.0.0.38,success,delete,CI-CD-pipeline,,"{""apiVersion"": ""apps/v1"", ""kind"": ""Service"", ""metadata"": {""name"": ""service-efcfg""}}","{""status"": ""success""}",app-pod,my-container,
2025-11-10T13:40:00Z,janedoe,U0053,deployment,deployment-dkccn,UPDATE,PATCH,kube-system,10.0.0.208,failure,update,CI-CD-pipeline,Unauthorized,"{""apiVersion"": ""apps/v1"", ""kind"": ""Deployment"", ""metadata"": {""name"": ""deployment-dkccn""}}","{""status"": ""failure""}",web-pod,nginx-container,update failed due to unauthorized
2025-03-15T02:15:00Z,janedoe,U0053,service,service-kxvfm,DELETE,DELETE,default,10.0.0.209,success,delete,kubectl,,"{""apiVersion"": ""apps/v1"", ""kind"": ""Service"", ""metadata"": {""name"": ""service-kxvfm""}}","{""status"": ""success""}",db-pod,sidecar-container,
2025-04-29T16:20:00Z,bob,U0052,pod,pod-zbckn,CREATE,POST,default,10.0.0.185,success,create,dashboard,,"{""apiVersion"": ""v1"", ""kind"": ""Pod"", ""metadata"": {""name"": ""pod-zbckn""}}","{""status"": ""success""}",web-pod,my-container,
2025-04-21T06:18:00Z,alice,U0007,pod,pod-xmhgh,UPDATE,PATCH,kube-system,10.0.0.78,success,update,kubectl,,"{""apiVersion"": ""v1"", ""kind"": ""Pod"", ""metadata"": {""name"": ""pod-xmhgh""}}","{""status"": ""success""}",db-pod,my-container,
2025-02-26T21:12:00Z,johndoe,U0054,secret,secret-ndbti,DELETE,DELETE,kube-system,10.0.0.243,success,delete,CI-CD-pipeline,,"{""apiVersion"": ""apps/v1"", ""kind"": ""Secret"", ""metadata"": {""name"": ""secret-ndbti""}}","{""status"": ""success""}",api-pod,my-container,
2025-01-01T05:04:00Z,janedoe,U0054,service,service-yqfxt,UPDATE,PATCH,kube-system,10.0.0.193,failure,update,CI-CD-pipeline,InvalidRequest,"{""apiVersion"": ""apps/v1"", ""kind"": ""Service"", ""metadata"": {""name"": ""service-yqfxt""}}","{""status"": ""failure""}",db-pod,sidecar-container,update failed due to invalidrequest
2025-05-15T07:12:00Z,johndoe,U0059,configmap,configmap-bdnvq,UPDATE,PATCH,dev,10.0.0.35,success,update,kubectl,,"{""apiVersion"": ""apps/v1"", ""kind"": ""Configmap"", ""metadata"": {""name"": ""configmap-bdnvq""}}","{""status"": ""success""}",api-pod,init-container,
2025-11-29T19:33:00Z,janedoe,U0032,secret,secret-xwmld,UPDATE,PATCH,kube-system,10.0.0.21,success,update,kubelet,,"{""apiVersion"": ""apps/v1"", ""kind"": ""Secret"", ""metadata"": {""name"": ""secret-xwmld""}}","{""status"": ""success""}",app-pod,my-container,
2025-01-29T04:29:00Z,bob,U0032,configmap,configmap-bormb,DELETE,DELETE,prod,10.0.0.52,success,delete,CI-CD-pipeline,,"{""apiVersion"": ""apps/v1"", ""kind"": ""Configmap"", ""metadata"": {""name"": ""configmap-bormb""}}","{""status"": ""success""}",app-pod,nginx-container,
2025-06-22T03:25:00Z,bob,U0032,secret,secret-cuiwt,UPDATE,PATCH,dev,10.0.0.21,failure,update,dashboard,Forbidden,"{""apiVersion"": ""apps/v1"", ""kind"": ""Secret"", ""metadata"": {""name"": ""secret-cuiwt""}}","{""status"": ""failure""}",api-pod,nginx-container,update failed due to forbidden
2025-05-11T16:56:00Z,alice,U0007,deployment,deployment-wqjky,UPDATE,PATCH,dev,10.0.0.153,success,update,kubelet,,"{""apiVersion"": ""apps/v1"", ""kind"": ""Deployment"", ""metadata"": {""name"": ""deployment-wqjky""}}","{""status"": ""success""}",web-pod,sidecar-container,
2025-05-04T05:31:00Z,bob,U0054,configmap,configmap-wtvui,CREATE,POST,default,10.0.0.159,success,create,CI-CD-pipeline,,"{""apiVersion"": ""apps/v1"", ""kind"": ""Configmap"", ""metadata"": {""name"": ""configmap-wtvui""}}","{""status"": ""success""}",db-pod,init-container,
2025-03-30T15:39:00Z,adminuser,U0007,configmap,configmap-mtwlg,UPDATE,PATCH,kube-system,10.0.0.193,failure,update,kubelet,InvalidRequest,"{""apiVersion"": ""apps/v1"", ""kind"": ""Configmap"", ""metadata"": {""name"": ""configmap-mtwlg""}}","{""status"": ""failure""}",api-pod,my-container,update failed due to invalidrequest
2025-11-17T06:24:00Z,alice,U0032,service,service-eijeq,CREATE,POST,dev,10.0.0.167,success,create,dashboard,,"{""apiVersion"": ""apps/v1"", ""kind"": ""Service"", ""metadata"": {""name"": ""service-eijeq""}}","{""status"": ""success""}",db-pod,sidecar-container,
2025-07-29T13:10:00Z,devuser1,U0054,pod,pod-zktpw,CREATE,POST,dev,10.0.0.201,failure,create,kubectl,Timeout,"{""apiVersion"": ""v1"", ""kind"": ""Pod"", ""metadata"": {""name"": ""pod-zktpw""}}","{""status"": ""failure""}",web-pod,nginx-container,create failed due to timeout
2025-09-02T19:31:00Z,johndoe,U0054,secret,secret-hcaxm,UPDATE,PATCH,prod,10.0.0.60,failure,update,dashboard,Timeout,"{""apiVersion"": ""apps/v1"", ""kind"": ""Secret"", ""metadata"": {""name"": ""secret-hcaxm""}}","{""status"": ""failure""}",db-pod,my-container,update failed due to timeout
2025-09-30T01:39:00Z,bob,U0007,service,service-qaakx,DELETE,DELETE,default,10.0.0.30,success,delete,dashboard,,"{""apiVersion"": ""apps/v1"", ""kind"": ""Service"", ""metadata"": {""name"": ""service-qaakx""}}","{""status"": ""success""}",web-pod,init-container,
2025-10-22T09:08:00Z,adminuser,U0059,pod,pod-vlkje,UPDATE,PATCH,kube-system,10.0.0.119,success,update,kubelet,,"{""apiVersion"": ""v1"", ""kind"": ""Pod"", ""metadata"": {""name"": ""pod-vlkje""}}","{""status"": ""success""}",db-pod,my-container,
2025-08-13T03:09:00Z,johndoe,U0053,deployment,deployment-fedda,CREATE,POST,kube-system,10.0.0.83,success,create,dashboard,,"{""apiVersion"": ""apps/v1"", ""kind"": ""Deployment"", ""metadata"": {""name"": ""deployment-fedda""}}","{""status"": ""success""}",app-pod,sidecar-container,
2025-02-14T00:25:00Z,devuser1,U0053,pod,pod-hsexg,CREATE,POST,default,10.0.0.163,failure,create,dashboard,Forbidden,"{""apiVersion"": ""v1"", ""kind"": ""Pod"", ""metadata"": {""name"": ""pod-hsexg""}}","{""status"": ""failure""}",web-pod,my-container,create failed due to forbidden
2025-06-17T21:14:00Z,alice,U0032,deployment,deployment-adtbr,UPDATE,PATCH,kube-system,10.0.0.19,success,update,CI-CD-pipeline,,"{""apiVersion"": ""apps/v1"", ""kind"": ""Deployment"", ""metadata"": {""name"": ""deployment-adtbr""}}","{""status"": ""success""}",api-pod,my-container,
2025-05-19T23:38:00Z,johndoe,U0054,configmap,configmap-gdozp,DELETE,DELETE,kube-system,10.0.0.38,failure,delete,kubectl,Timeout,"{""apiVersion"": ""apps/v1"", ""kind"": ""Configmap"", ""metadata"": {""name"": ""configmap-gdozp""}}","{""status"": ""failure""}",app-pod,init-container,delete failed due to timeout
2025-07-16T07:13:00Z,bob,U0059,pod,pod-yupod,CREATE,POST,prod,10.0.0.81,success,create,CI-CD-pipeline,,"{""apiVersion"": ""v1"", ""kind"": ""Pod"", ""metadata"": {""name"": ""pod-yupod""}}","{""status"": ""success""}",web-pod,nginx-container,
2025-09-05T05:12:00Z,devuser1,U0007,deployment,deployment-qcfyu,CREATE,POST,prod,10.0.0.243,success,create,CI-CD-pipeline,,"{""apiVersion"": ""apps/v1"", ""kind"": ""Deployment"", ""metadata"": {""name"": ""deployment-qcfyu""}}","{""status"": ""success""}",app-pod,init-container,
2025-06-25T18:37:00Z,adminuser,U0007,pod,pod-ikgdq,CREATE,POST,prod,10.0.0.178,success,create,kubectl,,"{""apiVersion"": ""v1"", ""kind"": ""Pod"", ""metadata"": {""name"": ""pod-ikgdq""}}","{""status"": ""success""}",db-pod,my-container,
2025-01-07T12:28:00Z,devuser1,U0052,service,service-nfwac,UPDATE,PATCH,kube-system,10.0.0.83,success,update,kubelet,,"{""apiVersion"": ""apps/v1"", ""kind"": ""Service"", ""metadata"": {""name"": ""service-nfwac""}}","{""status"": ""success""}",app-pod,init-container,
2025-12-19T03:36:00Z,janedoe,U0032,pod,pod-mleib,DELETE,DELETE,prod,10.0.0.53,success,delete,kubectl,,"{""apiVersion"": ""v1"", ""kind"": ""Pod"", ""metadata"": {""name"": ""pod-mleib""}}","{""status"": ""success""}",app-pod,sidecar-container,
2025-11-07T12:03:00Z,johndoe,U0052,secret,secret-ctvjy,DELETE,DELETE,default,10.0.0.20,success,delete,kubectl,,"{""apiVersion"": ""apps/v1"", ""kind"": ""Secret"", ""metadata"": {""name"": ""secret-ctvjy""}}","{""status"": ""success""}",api-pod,sidecar-container,
2025-09-04T09:15:00Z,alice,U0054,secret,secret-lkgzz,DELETE,DELETE,prod,10.0.0.126,success,delete,dashboard,,"{""apiVersion"": ""apps/v1"", ""kind"": ""Secret"", ""metadata"": {""name"": ""secret-lkgzz""}}","{""status"": ""success""}",app-pod,nginx-container,
2025-01-17T18:45:00Z,bob,U0052,configmap,configmap-tsenv,DELETE,DELETE,dev,10.0.0.124,success,delete,CI-CD-pipeline,,"{""apiVersion"": ""apps/v1"", ""kind"": ""Configmap"", ""metadata"": {""name"": ""configmap-tsenv""}}","{""status"": ""success""}",db-pod,nginx-container,
2025-05-27T11:22:00Z,devuser1,U0007,secret,secret-sqhjw,DELETE,DELETE,dev,10.0.0.138,success,delete,CI-CD-pipeline,,"{""apiVersion"": ""apps/v1"", ""kind"": ""Secret"", ""metadata"": {""name"": ""secret-sqhjw""}}","{""status"": ""success""}",web-pod,nginx-container,
2025-09-04T07:01:00Z,bob,U0052,service,service-tvnou,DELETE,DELETE,dev,10.0.0.180,success,delete,kubectl,,"{""apiVersion"": ""apps/v1"", ""kind"": ""Service"", ""metadata"": {""name"": ""service-tvnou""}}","{""status"": ""success""}",web-pod,nginx-container,
2025-01-13T07:02:00Z,devuser1,U0054,secret,secret-urhci,DELETE,DELETE,dev,10.0.0.19,failure,delete,CI-CD-pipeline,Unauthorized,"{""apiVersion"": ""apps/v1"", ""kind"": ""Secret"", ""metadata"": {""name"": ""secret-urhci""}}","{""status"": ""failure""}",api-pod,init-container,delete failed due to unauthorized
2025-04-20T19:23:00Z,bob,U0053,secret,secret-fgeea,CREATE,POST,kube-system,10.0.0.204,failure,create,kubelet,Forbidden,"{""apiVersion"": ""apps/v1"", ""kind"": ""Secret"", ""metadata"": {""name"": ""secret-fgeea""}}","{""status"": ""failure""}",api-pod,sidecar-container,create failed due to forbidden
2025-09-18T15:50:00Z,devuser1,U0059,pod,pod-bupyg,UPDATE,PATCH,prod,10.0.0.96,success,update,kubelet,,"{""apiVersion"": ""v1"", ""kind"": ""Pod"", ""metadata"": {""name"": ""pod-bupyg""}}","{""status"": ""success""}",db-pod,init-container,
2025-12-18T23:47:00Z,janedoe,U0052,secret,secret-aecyu,CREATE,POST,kube-system,10.0.0.196,success,create,kubectl,,"{""apiVersion"": ""apps/v1"", ""kind"": ""Secret"", ""metadata"": {""name"": ""secret-aecyu""}}","{""status"": ""success""}",web-pod,my-container,
2025-07-28T08:24:00Z,alice,U0054,service,service-mhdjz,UPDATE,PATCH,dev,10.0.0.91,success,update,CI-CD-pipeline,,"{""apiVersion"": ""apps/v1"", ""kind"": ""Service"", ""metadata"": {""name"": ""service-mhdjz""}}","{""status"": ""success""}",db-pod,nginx-container,
2025-10-21T16:39:00Z,adminuser,U0052,secret,secret-vyoie,DELETE,DELETE,prod,10.0.0.176,success,delete,kubectl,,"{""apiVersion"": ""apps/v1"", ""kind"": ""Secret"", ""metadata"": {""name"": ""secret-vyoie""}}","{""status"": ""success""}",app-pod,my-container,
2025-03-16T23:10:00Z,janedoe,U0032,pod,pod-tximo,CREATE,POST,default,10.0.0.159,success,create,dashboard,,"{""apiVersion"": ""v1"", ""kind"": ""Pod"", ""metadata"": {""name"": ""pod-tximo""}}","{""status"": ""success""}",api-pod,sidecar-container,
2025-01-01T19:03:00Z,johndoe,U0007,service,service-irxff,UPDATE,PATCH,kube-system,10.0.0.12,success,update,kubectl,,"{""apiVersion"": ""apps/v1"", ""kind"": ""Service"", ""metadata"": {""name"": ""service-irxff""}}","{""status"": ""success""}",api-pod,init-container,
2025-08-02T14:22:00Z,johndoe,U0059,service,service-lqlan,UPDATE,PATCH,kube-system,10.0.0.47,success,update,CI-CD-pipeline,,"{""apiVersion"": ""apps/v1"", ""kind"": ""Service"", ""metadata"": {""name"": ""service-lqlan""}}","{""status"": ""success""}",web-pod,nginx-container,
2025-01-14T14:20:00Z,janedoe,U0054,deployment,deployment-htnqd,CREATE,POST,default,10.0.0.239,failure,create,kubelet,InvalidRequest,"{""apiVersion"": ""apps/v1"", ""kind"": ""Deployment"", ""metadata"": {""name"": ""deployment-htnqd""}}","{""status"": ""failure""}",db-pod,init-container,create failed due to invalidrequest
2025-09-11T02:24:00Z,janedoe,U0052,pod,pod-emari,UPDATE,PATCH,default,10.0.0.21,success,update,kubectl,,"{""apiVersion"": ""v1"", ""kind"": ""Pod"", ""metadata"": {""name"": ""pod-emari""}}","{""status"": ""success""}",db-pod,my-container,
2025-02-11T23:44:00Z,johndoe,U0007,configmap,configmap-wxeur,UPDATE,PATCH,kube-system,10.0.0.223,success,update,CI-CD-pipeline,,"{""apiVersion"": ""apps/v1"", ""kind"": ""Configmap"", ""metadata"": {""name"": ""configmap-wxeur""}}","{""status"": ""success""}",app-pod,nginx-container,
2025-08-08T17:55:00Z,janedoe,U0059,service,service-cajqu,UPDATE,PATCH,dev,10.0.0.185,success,update,dashboard,,"{""apiVersion"": ""apps/v1"", ""kind"": ""Service"", ""metadata"": {""name"": ""service-cajqu""}}","{""status"": ""success""}",app-pod,init-container,
2025-01-03T05:53:00Z,janedoe,U0054,deployment,deployment-ycxuk,CREATE,POST,default,10.0.0.143,success,create,kubectl,,"{""apiVersion"": ""apps/v1"", ""kind"": ""Deployment"", ""metadata"": {""name"": ""deployment-ycxuk""}}","{""status"": ""success""}",web-pod,my-container,
2025-09-23T05:55:00Z,devuser1,U0007,secret,secret-wbtpq,DELETE,DELETE,default,10.0.0.96,success,delete,dashboard,,"{""apiVersion"": ""apps/v1"", ""kind"": ""Secret"", ""metadata"": {""name"": ""secret-wbtpq""}}","{""status"": ""success""}",web-pod,nginx-container,
2025-10-16T19:06:00Z,janedoe,U0032,configmap,configmap-axqia,CREATE,POST,prod,10.0.0.182,success,create,CI-CD-pipeline,,"{""apiVersion"": ""apps/v1"", ""kind"": ""Configmap"", ""metadata"": {""name"": ""configmap-axqia""}}","{""status"": ""success""}",app-pod,init-container,
2025-02-08T14:38:00Z,devuser1,U0053,secret,secret-ldjnx,UPDATE,PATCH,default,10.0.0.62,success,update,kubectl,,"{""apiVersion"": ""apps/v1"", ""kind"": ""Secret"", ""metadata"": {""name"": ""secret-ldjnx""}}","{""status"": ""success""}",app-pod,my-container,
2025-09-26T05:48:00Z,alice,U0032,secret,secret-doqvx,UPDATE,PATCH,prod,10.0.0.139,success,update,kubectl,,"{""apiVersion"": ""apps/v1"", ""kind"": ""Secret"", ""metadata"": {""name"": ""secret-doqvx""}}","{""status"": ""success""}",web-pod,nginx-container,
2025-07-30T00:29:00Z,devuser1,U0007,configmap,configmap-ulndn,DELETE,DELETE,prod,10.0.0.165,success,delete,dashboard,,"{""apiVersion"": ""apps/v1"", ""kind"": ""Configmap"", ""metadata"": {""name"": ""configmap-ulndn""}}","{""status"": ""success""}",app-pod,sidecar-container,
2025-12-05T05:34:00Z,janedoe,U0032,service,service-cjcfm,CREATE,POST,prod,10.0.0.202,success,create,CI-CD-pipeline,,"{""apiVersion"": ""apps/v1"", ""kind"": ""Service"", ""metadata"": {""name"": ""service-cjcfm""}}","{""status"": ""success""}",app-pod,nginx-container,
2025-02-18T22:16:00Z,alice,U0032,configmap,configmap-bsezf,DELETE,DELETE,kube-system,10.0.0.152,success,delete,CI-CD-pipeline,,"{""apiVersion"": ""apps/v1"", ""kind"": ""Configmap"", ""metadata"": {""name"": ""configmap-bsezf""}}","{""status"": ""success""}",app-pod,nginx-container,
2025-06-18T07:16:00Z,johndoe,U0007,secret,secret-aiciu,UPDATE,PATCH,prod,10.0.0.50,success,update,kubelet,,"{""apiVersion"": ""apps/v1"", ""kind"": ""Secret"", ""metadata"": {""name"": ""secret-aiciu""}}","{""status"": ""success""}",db-pod,my-container,
2025-01-02T01:56:00Z,adminuser,U0054,pod,pod-qyfom,DELETE,DELETE,dev,10.0.0.64,success,delete,kubectl,,"{""apiVersion"": ""v1"", ""kind"": ""Pod"", ""metadata"": {""name"": ""pod-qyfom""}}","{""status"": ""success""}",web-pod,sidecar-container,
2025-09-01T05:24:00Z,johndoe,U0053,secret,secret-dxtno,DELETE,DELETE,default,10.0.0.55,success,delete,kubelet,,"{""apiVersion"": ""apps/v1"", ""kind"": ""Secret"", ""metadata"": {""name"": ""secret-dxtno""}}","{""status"": ""success""}",db-pod,nginx-container,
2025-05-19T15:35:00Z,devuser1,U0052,service,service-akbok,UPDATE,PATCH,kube-system,10.0.0.107,failure,update,kubelet,InvalidRequest,"{""apiVersion"": ""apps/v1"", ""kind"": ""Service"", ""metadata"": {""name"": ""service-akbok""}}","{""status"": ""failure""}",db-pod,nginx-container,update failed due to invalidrequest
2025-08-10T05:24:00Z,johndoe,U0059,pod,pod-vdclk,DELETE,DELETE,kube-system,10.0.0.72,success,delete,dashboard,,"{""apiVersion"": ""v1"", ""kind"": ""Pod"", ""metadata"": {""name"": ""pod-vdclk""}}","{""status"": ""success""}",app-pod,sidecar-container,
2025-03-03T02:11:00Z,alice,U0053,deployment,deployment-xmxvx,UPDATE,PATCH,kube-system,10.0.0.7,failure,update,dashboard,Timeout,"{""apiVersion"": ""apps/v1"", ""kind"": ""Deployment"", ""metadata"": {""name"": ""deployment-xmxvx""}}","{""status"": ""failure""}",web-pod,nginx-container,update failed due to timeout
2025-11-24T12:36:00Z,bob,U0052,service,service-bqzyj,CREATE,POST,default,10.0.0.14,success,create,kubelet,,"{""apiVersion"": ""apps/v1"", ""kind"": ""Service"", ""metadata"": {""name"": ""service-bqzyj""}}","{""status"": ""success""}",db-pod,nginx-container,
2025-08-12T16:18:00Z,alice,U0007,deployment,deployment-xkeng,DELETE,DELETE,default,10.0.0.180,success,delete,CI-CD-pipeline,,"{""apiVersion"": ""apps/v1"", ""kind"": ""Deployment"", ""metadata"": {""name"": ""deployment-xkeng""}}","{""status"": ""success""}",db-pod,init-container,
2025-04-23T09:03:00Z,devuser1,U0032,secret,secret-ctnhm,CREATE,POST,default,10.0.0.54,success,create,CI-CD-pipeline,,"{""apiVersion"": ""apps/v1"", ""kind"": ""Secret"", ""metadata"": {""name"": ""secret-ctnhm""}}","{""status"": ""success""}",db-pod,sidecar-container,
2025-11-18T07:00:00Z,devuser1,U0052,configmap,configmap-hdqmd,UPDATE,PATCH,kube-system,10.0.0.241,failure,update,dashboard,Forbidden,"{""apiVersion"": ""apps/v1"", ""kind"": ""Configmap"", ""metadata"": {""name"": ""configmap-hdqmd""}}","{""status"": ""failure""}",web-pod,sidecar-container,update failed due to forbidden
2025-04-20T03:12:00Z,bob,U0059,configmap,configmap-sknfe,UPDATE,PATCH,default,10.0.0.50,success,update,CI-CD-pipeline,,"{""apiVersion"": ""apps/v1"", ""kind"": ""Configmap"", ""metadata"": {""name"": ""configmap-sknfe""}}","{""status"": ""success""}",app-pod,init-container,
2025-11-07T09:25:00Z,bob,U0054,secret,secret-fzyfn,UPDATE,PATCH,kube-system,10.0.0.217,failure,update,kubelet,Unauthorized,"{""apiVersion"": ""apps/v1"", ""kind"": ""Secret"", ""metadata"": {""name"": ""secret-fzyfn""}}","{""status"": ""failure""}",app-pod,my-container,update failed due to unauthorized
2025-05-05T12:38:00Z,adminuser,U0007,secret,secret-mfpae,UPDATE,PATCH,prod,10.0.0.41,success,update,kubectl,,"{""apiVersion"": ""apps/v1"", ""kind"": ""Secret"", ""metadata"": {""name"": ""secret-mfpae""}}","{""status"": ""success""}",db-pod,nginx-container,
2025-04-01T03:47:00Z,adminuser,U0054,configmap,configmap-srazf,DELETE,DELETE,default,10.0.0.221,failure,delete,kubectl,Forbidden,"{""apiVersion"": ""apps/v1"", ""kind"": ""Configmap"", ""metadata"": {""name"": ""configmap-srazf""}}","{""status"": ""failure""}",db-pod,sidecar-container,delete failed due to forbidden
